nome,cpf,idade,data,endereco,bairro,estado
Caleb Sousa,126.***.***-6,51.0,1974-03-11,"estrada da rosa, 50",vila real 2ª seção,RR
Heloísa Moreira,409.***.***-5,49.0,1976-01-11,"rua asafe carvalho, 95",outro,TO
Gael Henrique Gonçalves,459.***.***-8,27.0,1998-03-31,"praia de carvalho, 522",dona clara,SE
Pedro Henrique Nunes,426.***.***-3,32.0,1993-09-05,"conjunto moura, 482",pantanal,MA
Mariana Vargas,673.***.***-0,30.0,1995-11-02,"núcleo anthony aparecida, 70",conjunto jardim filadélfia,SP
Théo Das Neves,320.***.***-4,26.0,1999-12-20,"rua maria júlia cavalcanti, 3",flavio de oliveira,RJ
Daniela Fonseca,630.***.***-8,54.0,1970-11-30,"colônia maria laura viana, 73",custodinha,ES
Ravi Da Luz,640.***.***-3,53.0,1971-11-28,vereda de martins,são francisco,MG
Sabrina Pires,964.***.***-0,61.0,1964-09-19,"favela nunes, 62",trevo,RR
Alice Oliveira,796.***.***-0,48.0,1977-09-21,"rodovia laís da conceição, 281",etelvina carneiro,AC
Vicente Pimenta,136.***.***-6,49.0,1976-02-28,parque nogueira,monsenhor messias,AC
Emanuelly Cardoso,079.***.***-0,56.0,1969-04-11,"recanto de campos, 35",cardoso,RS
Ana Beatriz Machado,467.***.***-6,54.0,1971-06-06,"trevo gael camargo, 33",serra verde,SC
Kevin Santos,021.***.***-2,60.0,1965-04-02,"alameda pedro henrique ferreira, 6",são jorge 3ª seção,AP
Mariah Da Luz,830.***.***-3,50.0,1974-09-26,"loteamento de santos, 39",palmares,SC
Bryan Teixeira,086.***.***-8,51.0,1974-07-16,alameda marina farias,vila novo são lucas,AC
Diego Sousa,430.***.***-5,29.0,1995-07-26,"morro fonseca, 98",céu azul,MT
Raquel Cardoso,973.***.***-4,25.0,2000-06-21,"avenida matheus rezende, 89",vila maria,CE
Luigi Pastor,601.***.***-4,37.0,1988-01-15,"conjunto luiz gustavo machado, 70",gutierrez,MT
Maria Abreu,712.***.***-4,30.0,1995-06-03,"largo de jesus, 446",vila união,SE
Maria Alice Aragão,351.***.***-4,25.0,1999-08-31,"chácara de da conceição, 67",granja de freitas,MS
Dr. Francisco Da Conceição,793.***.***-2,48.0,1976-09-27,"morro de peixoto, 89",maria helena,RS
Srta. Maria Vitória Cavalcanti,924.***.***-6,25.0,2000-07-09,viela sales,vila nossa senhora do rosário,BA
Maria Clara Correia,320.***.***-7,33.0,1992-01-27,"colônia martins, 92",vila antena montanhês,MG
Emilly Guerra,698.***.***-7,18.0,2007-05-31,passarela albuquerque,flavio de oliveira,AM
Arthur Miguel Cirino,694.***.***-6,28.0,1997-09-13,viela souza,conjunto são francisco de assis,PR
Leandro Cavalcanti,709.***.***-4,54.0,1971-07-04,"vereda lucca viana, 30",jardim guanabara,PE
Cecilia Brito,543.***.***-8,58.0,1967-10-04,"fazenda brito, 54",europa,RR
Vitor Gabriel Dias,478.***.***-7,20.0,2005-01-03,"feira de silveira, 84",novo aarão reis,PR
Marcos Vinicius Moura,298.***.***-5,25.0,2000-07-25,praça de melo,cinquentenário,SC
Pedro Miguel Farias,715.***.***-7,26.0,1999-09-11,"conjunto manuella rezende, 23",das industrias i,GO
Emilly Leão,654.***.***-8,34.0,1991-06-03,"pátio fernando freitas, 842",aparecida,PI
Vitor Hugo Duarte,789.***.***-5,47.0,1978-10-10,"trevo de da mata, 1",vila antena,RN
Caio Araújo,506.***.***-2,50.0,1975-04-21,"viaduto pimenta, 19",alto das antenas,AP
Antônio Ferreira,836.***.***-3,49.0,1976-10-04,"lago de guerra, 8",lagoinha,BA
Vitor Hugo Pires,874.***.***-6,31.0,1994-12-14,"alameda ana luiza monteiro, 46",vila das oliveiras,RN
Melina Santos,670.***.***-0,29.0,1996-02-13,"colônia barros, 7",ventosa,SC
João Cassiano,298.***.***-3,41.0,1984-09-02,colônia isabella vasconcelos,castelo,AP
Thales Oliveira,436.***.***-6,33.0,1992-06-04,"estrada de viana, 52",serra do curral,RJ
Catarina Camargo,861.***.***-5,36.0,1988-12-29,"recanto de cavalcanti, 23",vila coqueiral,AC
Gustavo Farias,635.***.***-8,55.0,1970-03-14,"vale vargas, 354",mala e cuia,ES
Joana Araújo,879.***.***-2,31.0,1994-02-18,"colônia thomas sousa, 83",nossa senhora aparecida,RJ
Luna Cavalcante,045.***.***-7,51.0,1974-11-09,"campo de cavalcanti, 355",vila petropolis,BA
Mateus Vargas,408.***.***-5,55.0,1970-07-15,"setor cecilia alves, 212",vista do sol,TO
Alexia Barbosa,107.***.***-1,52.0,1973-11-13,"largo ana da cruz, 254",jaraguá,ES
Dra. Maria Flor Câmara,461.***.***-0,21.0,2004-10-13,sítio de cavalcanti,copacabana,RJ
Maria Liz Montenegro,970.***.***-0,32.0,1993-05-31,"lagoa de sá, 72",são josé,MG
Arthur Andrade,023.***.***-3,19.0,2006-04-26,"avenida da cruz, 52",jardim leblon,AC
Heitor Farias,867.***.***-2,26.0,1999-06-03,"vila benicio pacheco, 33",guarani,AM
Manuella Ramos,065.***.***-2,48.0,1977-03-07,"chácara garcia, 551",paraíso,CE
Milena Moura,761.***.***-7,49.0,1976-07-11,"trevo fogaça, 86",são francisco,ES
Vitor Gabriel Silveira,139.***.***-9,19.0,2005-07-27,"alameda de camargo, 8",conjunto novo dom bosco,MG
Lucas Campos,729.***.***-0,32.0,1993-10-23,"parque de aparecida, 54",pilar,RS
Sofia Garcia,168.***.***-7,48.0,1977-12-10,"loteamento josé miguel silveira, 83",vila independencia 1ª seção,SE
Ravy Cunha,951.***.***-2,60.0,1965-06-04,"estrada theo silveira, 60",são vicente,AM
Bernardo Brito,247.***.***-0,35.0,1990-09-13,"sítio cunha, 74",maria goretti,GO
Olivia Porto,307.***.***-8,55.0,1970-04-28,"viaduto freitas, 9",maria helena,RR
Sr. Rael Rios,632.***.***-7,58.0,1967-05-01,"conjunto martins, 73",mangueiras,CE
Mateus Oliveira,081.***.***-0,47.0,1978-08-05,"travessa campos, 49",vila batik,TO
Marcos Vinicius Abreu,340.***.***-8,57.0,1968-09-05,"trecho garcia, 80",floramar,GO
João Miguel Pinto,985.***.***-5,24.0,2001-03-20,"chácara de araújo, 18",alto dos pinheiros,PI
Dra. Caroline Monteiro,781.***.***-4,38.0,1987-08-03,"passarela de ramos, 34",boa viagem,AC
Lorenzo Rios,158.***.***-4,21.0,2003-07-26,"praça da conceição, 27",novo santa cecilia,MS
Sra. Maria Vitória Pinto,415.***.***-9,19.0,2006-08-21,campo rios,etelvina carneiro,TO
Sr. José Miguel Rios,179.***.***-8,20.0,2005-11-07,"distrito ana luiza cassiano, 7",conjunto santa maria,RJ
Allana Garcia,235.***.***-6,41.0,1984-10-23,"pátio de da costa, 968",santo antônio,CE
Maria Fernanda Lima,820.***.***-0,27.0,1998-03-01,"morro ramos, 89",lagoinha,DF
Maitê Pacheco,059.***.***-9,28.0,1997-02-15,"favela de sampaio, 69",virgínia,SP
Mathias Nunes,561.***.***-0,28.0,1997-12-05,"rua henrique vieira, 428",senhor dos passos,RS
Sara Nunes,863.***.***-3,53.0,1972-12-13,"morro de silveira, 77",barão homem de melo 3ª seção,PI
Bárbara Campos,170.***.***-3,58.0,1967-11-06,"estação de cassiano, 68",califórnia,PE
Dr. Luiz Miguel Correia,045.***.***-3,37.0,1988-01-25,"passarela costela, 6",conjunto minas caixa,RJ
Laura Mendonça,407.***.***-7,55.0,1970-04-21,"conjunto ferreira, 44",castanheira,PI
Mariana Peixoto,684.***.***-3,46.0,1979-06-01,"vila maria julia da mota, 6",mangabeiras,CE
Luigi Freitas,358.***.***-7,53.0,1972-08-14,"rodovia carvalho, 45",vila mantiqueira,MT
Sabrina Cirino,217.***.***-3,35.0,1990-01-26,"colônia ramos, 98",flamengo,SP
Gabriel Da Mata,675.***.***-7,43.0,1982-10-12,travessa de rezende,universo,BA
Raul Pastor,987.***.***-3,34.0,1991-10-17,"jardim de vasconcelos, 52",coração de jesus,AC
Sophie Freitas,931.***.***-1,33.0,1992-09-09,distrito de silva,piratininga,RJ
Srta. Nicole Carvalho,028.***.***-5,39.0,1986-10-18,"setor de da rosa, 584",cardoso,SC
Isaque Costa,869.***.***-0,23.0,2002-06-01,"viaduto sarah carvalho, 9",santa rita de cássia,RO
Pedro Miguel Farias,685.***.***-9,20.0,2005-09-13,"trevo lavínia andrade, 6",lindéia,MA
Theodoro Guerra,418.***.***-6,35.0,1990-03-24,viaduto giovanna abreu,tupi b,AP
Dra. Ester Lopes,813.***.***-5,28.0,1997-01-07,colônia samuel mendonça,vila minaslandia,DF
Henrique Cunha,760.***.***-3,57.0,1968-02-06,"lago daniel ribeiro, 2",paquetá,MS
Luiz Otávio Sampaio,796.***.***-9,56.0,1969-05-17,"vereda novaes, 1",maria helena,BA
Mathias Da Cunha,896.***.***-5,31.0,1994-07-20,"aeroporto asafe monteiro, 4",aeroporto,PA
Sr. Erick Das Neves,318.***.***-0,33.0,1992-10-12,viaduto manuella moraes,ipe,PI
João Miguel Martins,683.***.***-2,31.0,1994-04-30,"aeroporto de câmara, 8",confisco,AL
Valentim Castro,814.***.***-0,20.0,2005-01-30,"esplanada eloá da rosa, 53",apolonia,RJ
Maria Sophia Brito,072.***.***-3,23.0,2002-07-18,"trevo cavalcante, 83",baleia,RR
Evelyn Freitas,675.***.***-3,57.0,1968-09-18,"parque cauã correia, 34",urca,SC
Vitória Ramos,734.***.***-6,31.0,1994-01-05,"trevo cunha, 88",maria helena,AL
Dra. Camila Viana,958.***.***-4,56.0,1969-03-21,"campo de da mata, 77",vila coqueiral,PA
Dra. Mariah Ferreira,341.***.***-8,39.0,1986-04-28,jardim pietro peixoto,baleia,PE
Rodrigo Vieira,754.***.***-1,25.0,2000-03-05,"estrada igor sampaio, 1",vila boa vista,RS
Dr. João Gabriel Viana,573.***.***-2,41.0,1984-06-15,"esplanada pinto, 36",conjunto jatoba,MA
José Pedro Monteiro,204.***.***-2,38.0,1987-12-16,avenida asafe da costa,vila são rafael,PB
Rebeca Siqueira,625.***.***-0,33.0,1992-04-17,"viaduto ana rios, 54",vila real 2ª seção,SC
Ágatha Novaes,274.***.***-0,49.0,1976-04-07,"esplanada de porto, 863",inconfidência,RN
José Das Neves,964.***.***-5,18.0,2007-07-12,"área bento marques, 16",mariano de abreu,CE
Elisa Cavalcante,352.***.***-9,54.0,1971-09-01,"loteamento de barbosa, 77",lagoa,ES
Letícia Ribeiro,095.***.***-3,50.0,1975-03-08,"praia de brito, 297",cidade jardim taquaril,MS
Lívia Rezende,185.***.***-0,21.0,2004-09-01,"passarela sales, 7",vila nova cachoeirinha 3ª seção,GO
Cecilia Silveira,258.***.***-0,57.0,1968-09-11,"favela de sampaio, 98",morro dos macacos,MG
Isaac Mendonça,021.***.***-0,60.0,1965-05-24,"conjunto de guerra, 703",santa inês,RO
Maria Vitória Pinto,319.***.***-4,59.0,1966-12-23,residencial bernardo cunha,vila suzana primeira seção,ES
Anthony Novais,528.***.***-0,24.0,2001-07-03,"favela de freitas, 90",vila minaslandia,RR
Sra. Maria Helena Marques,215.***.***-5,50.0,1975-01-21,"praça porto, 200",vila são gabriel jacui,SC
Guilherme Moura,521.***.***-5,42.0,1983-04-23,"passarela de araújo, 16",jardim felicidade,TO
Luana Fonseca,836.***.***-5,41.0,1984-02-17,"fazenda nascimento, 6",centro,RS
Dante Aragão,675.***.***-5,49.0,1976-11-08,"campo eloá da conceição, 4",vila cloris,DF
Sofia Freitas,194.***.***-0,48.0,1977-05-30,"viaduto luiz miguel da mata, 21",nova cintra,RS
Sr. Apollo Das Neves,037.***.***-6,33.0,1992-04-10,"jardim de siqueira, 8",maria virgínia,AC
Beatriz Pereira,589.***.***-2,27.0,1998-06-06,"vale borges, 396",vila madre gertrudes 4ª seção,SC
Luiz Gustavo Da Paz,560.***.***-5,23.0,2002-05-30,"rua de brito, 996",dona clara,SC
Cecília Sales,362.***.***-8,28.0,1996-10-29,"parque lucas da mota, 50",granja werneck,RR
Heitor Araújo,672.***.***-6,33.0,1992-05-03,"sítio maya nunes, 417",vila batik,MT
Daniela Rodrigues,076.***.***-8,31.0,1994-09-16,"parque melissa cirino, 53",providencia,PB
Antony Caldeira,714.***.***-1,53.0,1972-12-21,"trevo de moraes, 8",virgínia,TO
Vinícius Pimenta,120.***.***-5,45.0,1980-09-07,"viaduto ana julia fernandes, 87",castanheira,TO
Emanuella Da Cunha,817.***.***-8,48.0,1977-12-25,"avenida da mota, 15",marajó,SP
Ian Rezende,210.***.***-4,18.0,2007-07-18,"sítio isaac oliveira, 680",serra verde,SP
Zoe Mendes,591.***.***-0,26.0,1999-08-04,"residencial josé pedro pastor, 799",serra verde,PA
Bryan Dias,106.***.***-5,55.0,1970-03-14,"pátio paulo da paz, 65",novo ouro preto,PE
Rafael Mendes,390.***.***-0,41.0,1984-04-17,"sítio esther silveira, 80",paulo vi,CE
Luan Peixoto,213.***.***-5,25.0,2000-05-26,"rodovia campos, 45",são francisco,RO
Dr. Murilo Dias,752.***.***-5,32.0,1992-12-27,morro joão guilherme ramos,alto vera cruz,RN
Sophie Melo,201.***.***-4,48.0,1977-04-21,"loteamento de da paz, 484",são gabriel,AL
Julia Carvalho,260.***.***-6,43.0,1982-11-21,"distrito lopes, 4",itaipu,PB
Ana Beatriz Rios,169.***.***-9,34.0,1991-02-24,"quadra costela, 75",copacabana,SC
Júlia Novaes,921.***.***-6,56.0,1969-04-29,"distrito joaquim mendes, 85",boa viagem,TO
Srta. Mariane Mendes,028.***.***-1,58.0,1967-05-23,"área maria sophia guerra, 29",vila inestan,PE
Júlia Souza,907.***.***-3,32.0,1993-02-13,"travessa yasmin pastor, 44",providencia,PE
Luiz Felipe Brito,695.***.***-9,52.0,1973-02-17,"colônia de farias, 38",vila olhos d'água,ES
João Miguel Da Cunha,534.***.***-0,48.0,1977-09-06,parque siqueira,nova floresta,CE
Ana Júlia Gonçalves,093.***.***-1,23.0,2002-10-06,"vereda andré brito, 55",vila santo antônio barroquinha,AP
Caroline Lima,895.***.***-4,26.0,1999-10-16,"sítio gael nascimento, 307",maravilha,DF
Giovanna Brito,817.***.***-5,52.0,1973-05-13,"passarela de rodrigues, 84",pompéia,SP
Emanuella Dias,134.***.***-1,31.0,1994-05-26,"quadra de das neves, 74",calafate,AP
Sr. Isaque Da Rocha,037.***.***-1,24.0,2001-05-23,favela correia,pedreira padro lopes,MG
Ana Laura Freitas,487.***.***-9,47.0,1978-09-20,"praia kaique cirino, 424",são bento,RO
Rodrigo Da Mota,435.***.***-5,51.0,1974-10-20,pátio pastor,vila nova,SC
Henrique Melo,562.***.***-5,54.0,1971-01-09,"favela da rosa, 91",vila independencia 2ª seção,PA
Isaac Vargas,047.***.***-3,37.0,1988-06-05,avenida teixeira,flavio marques lisboa,SC
Maria Fernanda Rocha,203.***.***-5,45.0,1980-11-15,"jardim de lopes, 49",grajaú,SC
Alícia Guerra,216.***.***-3,40.0,1985-01-05,"largo mirella vasconcelos, 969",carmo,PB
Maria Julia Da Cunha,560.***.***-7,42.0,1983-11-25,"lagoa de siqueira, 553",parque são pedro,RN
Srta. Alícia Barbosa,891.***.***-9,26.0,1999-07-02,"distrito ana carolina dias, 9",jonas veiga,RJ
Henry Gabriel Azevedo,601.***.***-9,18.0,2007-03-11,"trecho gonçalves, 5",engenho nogueira,AP
Clara Duarte,132.***.***-6,47.0,1978-01-30,estrada vieira,vila betânia,MA
Rhavi Silveira,208.***.***-2,32.0,1993-10-20,"loteamento maria helena leão, 94",mala e cuia,SP
Giovanna Da Cruz,581.***.***-9,51.0,1974-09-17,"sítio nicole azevedo, 63",vila são francisco,RO
Oliver Câmara,498.***.***-0,32.0,1993-12-23,"quadra de farias, 13",senhor dos passos,RR
Mariah Cassiano,154.***.***-0,53.0,1972-09-24,"praça vasconcelos, 42",alta tensão 2ª seção,PE
Srta. Maria Eduarda Moreira,630.***.***-8,32.0,1993-02-17,"pátio olivia moreira, 580",jaqueline,PE
Miguel Pires,693.***.***-2,36.0,1989-11-12,"avenida vinicius aragão, 8",mariano de abreu,PI
Bento Da Mata,513.***.***-4,60.0,1965-12-03,"área pietra nascimento, 8",vila madre gertrudes 2ª seção,AP
Srta. Maria Julia Câmara,172.***.***-2,56.0,1969-07-22,"passarela nunes, 2",vista do sol,AM
Matheus Gonçalves,695.***.***-2,47.0,1978-06-26,"conjunto de vieira, 50",vila suzana segunda seção,BA
Sra. Clarice Da Rosa,167.***.***-2,25.0,2000-09-14,passarela montenegro,caiçara - adelaide,SC
Sra. Aurora Da Mata,736.***.***-1,40.0,1985-05-23,alameda correia,horto,ES
Ana Sophia Lopes,760.***.***-2,29.0,1996-05-02,"parque moreira, 32",cachoeirinha,RO
Miguel Peixoto,028.***.***-0,28.0,1997-10-19,"trecho de borges, 5",joão alfredo,SE
Arthur Gabriel Da Cruz,342.***.***-0,27.0,1998-06-19,"rodovia de pereira, 6",vila atila de paiva,MA
Davi Lucas Ribeiro,683.***.***-9,24.0,2001-07-01,"praça de aparecida, 692",camargos,MG
João Pedro Viana,359.***.***-0,60.0,1965-12-11,"morro de costela, 5",gutierrez,GO
Laís Ferreira,640.***.***-6,27.0,1998-12-24,"parque vieira, 103",etelvina carneiro,CE
Oliver Da Mota,409.***.***-4,32.0,1993-11-01,"ladeira campos, 42",vila madre gertrudes 1ª seção,RJ
Liz Ramos,489.***.***-6,39.0,1985-07-28,trevo de silva,monsenhor messias,TO
Maitê Cirino,439.***.***-3,48.0,1977-10-04,"ladeira de oliveira, 2",santa rita,RJ
Cauê Freitas,743.***.***-0,18.0,2007-02-15,"pátio rebeca da mota, 102",vila coqueiral,TO
João Miguel Moura,569.***.***-0,35.0,1990-07-05,"avenida de azevedo, 661",caetano furquim,RR
Enzo Porto,126.***.***-3,20.0,2005-07-08,lago joão gabriel da luz,santa monica,MA
Srta. Sofia Novaes,985.***.***-5,39.0,1986-03-08,"pátio de almeida, 38",mariano de abreu,MA
Benjamin Novaes,498.***.***-8,28.0,1997-04-14,"trecho moraes, 89",ipiranga,AP
Eduarda Azevedo,971.***.***-0,50.0,1975-05-31,"vila da cunha, 82",cardoso,AL
Isabelly Da Cruz,075.***.***-0,18.0,2007-06-22,campo barbosa,oeste,MT
Giovanna Cassiano,892.***.***-7,52.0,1973-01-02,"núcleo bernardo da cunha, 702",conjunto capitão eduardo,SC
Daniela Silva,376.***.***-0,56.0,1969-01-14,"trevo de camargo, 36",aarão reis,DF
Srta. Letícia Macedo,279.***.***-4,34.0,1991-11-11,"vereda theodoro costela, 37",saudade,DF
Maria Isis Da Costa,753.***.***-0,53.0,1972-03-04,"estrada de da luz, 328",oeste,PI
Luiz Fernando Caldeira,416.***.***-0,58.0,1967-07-17,"viela de pereira, 41",são bernardo,MS
Lucas Gabriel Araújo,620.***.***-0,19.0,2005-07-29,"colônia ramos, 667",lagoa,RR
Sr. Vinícius Fernandes,859.***.***-0,27.0,1998-05-11,"viela garcia, 15",ouro preto,BA
Natália Brito,810.***.***-4,61.0,1964-09-11,"fazenda larissa carvalho, 3",universo,DF
Maria Julia Da Cruz,167.***.***-6,43.0,1982-08-11,"praia de mendonça, 72",vila boa vista,SE
Sr. Arthur Pacheco,285.***.***-3,26.0,1998-10-28,"trecho de jesus, 69",vila jardim alvorada,PR
Vitor Gabriel Costa,253.***.***-5,21.0,2004-03-06,"vila maria clara freitas, 679",vila santo antônio barroquinha,MG
Isadora Ramos,879.***.***-7,27.0,1998-04-27,"feira nogueira, 281",são lucas,SE
Dr. Dante Araújo,176.***.***-1,36.0,1989-06-22,condomínio danilo sales,nova suíça,MS
Vinícius Câmara,692.***.***-2,27.0,1998-12-06,"trecho novais, 77",vila paris,PI
Ana Liz Aparecida,702.***.***-1,45.0,1980-07-15,"praça gomes, 48",prado,RR
Stella Da Cunha,273.***.***-3,27.0,1998-01-24,"largo otávio guerra, 2",nossa senhora da aparecida,MG
Maria Flor Da Cruz,904.***.***-4,35.0,1990-03-12,"praça de camargo, 21",vila oeste,RR
Yuri Novaes,710.***.***-2,21.0,2004-05-05,"vereda santos, 597",nova suíça,AL
Aylla Pastor,561.***.***-0,52.0,1973-08-01,trevo de da cruz,delta,RR
Théo Correia,286.***.***-2,42.0,1983-08-12,"viela de farias, 507",lajedo,SP
Raquel Novais,496.***.***-2,29.0,1996-01-07,chácara moraes,vila jardim leblon,AP
Yago Nascimento,720.***.***-2,27.0,1998-03-10,"viela de da cunha, 52",alpes,ES
Bruno Souza,927.***.***-9,41.0,1984-04-27,rua de lopes,barroca,RJ
Enrico Andrade,378.***.***-8,35.0,1990-09-10,"lagoa de pacheco, 3",vila cemig,GO
Kamilly Costa,970.***.***-6,59.0,1966-03-19,"área de moreira, 86",pindura saia,SP
Davi Luiz Araújo,187.***.***-8,24.0,2001-11-07,"trevo gustavo carvalho, 98",dom silverio,RR
Gabrielly Garcia,324.***.***-5,61.0,1964-10-14,"esplanada de almeida, 128",vila independencia 1ª seção,MG
Srta. Hadassa Pimenta,240.***.***-9,60.0,1965-09-20,passarela de câmara,jardinópolis,RO
Sra. Larissa Ribeiro,130.***.***-7,51.0,1974-09-12,"avenida de novais, 29",padre eustáquio,GO
Maria Laura Freitas,857.***.***-6,51.0,1974-12-12,"vila castro, 8",vila nossa senhora do rosário,SE
Maria Isis Costa,063.***.***-9,47.0,1978-11-02,"avenida allana barros, 75",jardim vitoria,RS
Sra. Alice Pastor,346.***.***-0,39.0,1985-07-31,"praça diego da rosa, 59",nova esperança,RS
Vitor Gabriel Mendes,105.***.***-9,24.0,2001-01-10,"viaduto melina abreu, 679",paraíso,RR
Sra. Mariane Pastor,721.***.***-8,44.0,1981-12-22,"núcleo nascimento, 94",vila são paulo,SP
Dra. Larissa Guerra,053.***.***-9,52.0,1973-07-02,"lago arthur gabriel caldeira, 3",xodo-marize,RR
Juliana Cardoso,582.***.***-7,54.0,1971-03-26,"setor de sampaio, 39",paulo vi,RN
Isis Pimenta,351.***.***-8,33.0,1992-11-24,"setor cardoso, 120",nossa senhora aparecida,PR
Rael Carvalho,790.***.***-7,45.0,1980-02-09,"condomínio oliveira, 4",morro dos macacos,DF
José Miguel Sampaio,594.***.***-0,49.0,1976-08-06,"feira casa grande, 35",jatobá,MS
Srta. Rebeca Silva,215.***.***-6,39.0,1986-08-21,favela montenegro,venda nova,RO
Rael Porto,283.***.***-0,47.0,1978-07-23,vale nicole campos,vila maria,PA
Lucas Costa,093.***.***-6,36.0,1989-03-15,área de moura,vila jardim alvorada,MG
João Pedro Campos,745.***.***-9,56.0,1969-02-12,alameda davi lucca sampaio,são bento,AC
Juliana Macedo,543.***.***-1,56.0,1969-03-11,"distrito sara dias, 70",gutierrez,AC
Dr. Leonardo Oliveira,691.***.***-9,37.0,1988-03-25,"vila rios, 12",jardim montanhês,CE
Breno Mendonça,497.***.***-8,37.0,1988-01-12,"estrada esther gomes, 58",coração de jesus,AL
Rodrigo Abreu,392.***.***-0,25.0,2000-03-15,"colônia pinto, 289",heliopolis,RR
Sra. Maria Alice Nogueira,590.***.***-4,57.0,1968-04-17,"trecho duarte, 20",conjunto providencia,CE
Helena Ribeiro,410.***.***-9,49.0,1976-05-21,"condomínio nathan martins, 35",lindéia,AL
Maria Sophia Da Luz,798.***.***-9,57.0,1968-12-23,"vale costa, 78",alto dos pinheiros,RN
Maysa Cirino,421.***.***-0,50.0,1975-11-04,"residencial de sá, 83",bairro das indústrias ii,PR
Benício Nunes,284.***.***-2,61.0,1964-10-14,"condomínio de novaes, 3",madre gertrudes,PA
Gabriel Montenegro,987.***.***-1,28.0,1997-11-19,"quadra de azevedo, 11",vila antena,BA
Dra. Isabel Barros,921.***.***-0,32.0,1993-09-13,"fazenda yasmin marques, 3",aparecida 7ª seção,SC
João Felipe Gonçalves,670.***.***-5,47.0,1978-10-07,"jardim machado, 34",minas caixa,TO
Mariane Das Neves,023.***.***-4,59.0,1966-02-06,"setor lucca cardoso, 2",vila oeste,BA
Augusto Casa Grande,718.***.***-0,22.0,2003-08-04,"lago lucas moura, 22",maria tereza,MS
Maria Alice Borges,851.***.***-9,46.0,1979-04-19,"conjunto de das neves, 60",joão alfredo,RR
José Pedro Marques,496.***.***-2,22.0,2003-01-02,"largo caldeira, 44",solar do barreiro,RJ
Mirella Novais,150.***.***-0,36.0,1989-01-01,"núcleo de pires, 68",aguas claras,MA
Agatha Cirino,521.***.***-3,46.0,1979-07-10,"via de caldeira, 330",santa helena,RJ
Maria Eduarda Gomes,302.***.***-3,59.0,1966-03-06,"trecho cardoso, 6",aeroporto,RS
Luiz Otávio Sousa,830.***.***-8,29.0,1996-07-23,"vale vieira, 46",vila nova,DF
Gael Brito,971.***.***-1,60.0,1965-09-18,"colônia josé miguel vargas, 69",santa lúcia,MT
José Miguel Da Luz,480.***.***-1,50.0,1975-04-04,"colônia de farias, 58",são vicente,RR
Melina Casa Grande,867.***.***-1,59.0,1966-12-04,"praça de lopes, 5",dom joaquim,RN
Dra. Luara Rios,620.***.***-3,58.0,1967-03-29,alameda fogaça,nossa senhora do rosário,MG
Vitória Da Mota,874.***.***-0,20.0,2005-07-17,"colônia da luz, 7",olhos d'água,RJ
José Da Conceição,143.***.***-1,35.0,1990-07-25,"viela de pimenta, 94",dona clara,MT
Leonardo Sá,794.***.***-4,31.0,1994-06-24,"trevo alícia da costa, 297",santa maria,AL
Bella Santos,937.***.***-2,43.0,1982-02-23,"rodovia sousa, 2",bandeirantes,RS
Ana Clara Gomes,572.***.***-1,22.0,2003-01-03,"lago de ribeiro, 663",bom jesus,RN
Vinicius Pimenta,805.***.***-4,38.0,1987-10-10,"residencial de oliveira, 66",pousada santo antonio,AM
Ágatha Cardoso,958.***.***-3,40.0,1985-11-08,"alameda peixoto, 85",capitão eduardo,AC
Benício Lima,613.***.***-9,26.0,1999-04-13,"feira pinto, 11",vila copasa,AM
Yuri Moreira,127.***.***-7,23.0,2002-01-06,"jardim de dias, 59",flavio marques lisboa,GO
Dr. Danilo Costela,586.***.***-6,23.0,2002-07-01,núcleo da conceição,são cristóvão,MA
João Pedro Caldeira,329.***.***-5,44.0,1981-07-20,"lagoa ana beatriz sampaio, 8",vila nova,SE
Isadora Casa Grande,390.***.***-2,43.0,1982-07-11,"setor maria helena teixeira, 895",vila são rafael,AL
Maria Júlia Camargo,856.***.***-0,26.0,1999-03-29,"esplanada melo, 26",milionario,MG
Maria Clara Vieira,130.***.***-0,37.0,1987-11-30,"vereda da conceição, 589",califórnia,PR
Melina Mendes,194.***.***-8,51.0,1974-02-16,passarela de da cunha,venda nova,RR
Dr. Luiz Miguel Da Luz,978.***.***-8,28.0,1997-04-21,"praia lopes, 63",das industrias i,PB
Raquel Moura,518.***.***-0,28.0,1997-05-29,via thales pastor,nazare,BA
Isabela Novais,809.***.***-0,29.0,1996-04-08,"passarela pinto, 88",virgínia,PB
Ana Sophia Cunha,506.***.***-8,19.0,2006-05-15,"aeroporto leonardo cardoso, 329",tirol,RN
Bruna Teixeira,132.***.***-1,37.0,1987-09-29,"sítio ana luiza fernandes, 221",vila são francisco,CE
Enzo Gabriel Da Paz,431.***.***-9,48.0,1977-08-19,"estação moreira, 91",concórdia,MG
Vitor Barbosa,542.***.***-3,38.0,1987-03-15,"vale de souza, 8",são bernardo,TO
Maria Luísa Da Luz,849.***.***-0,31.0,1994-04-23,"campo pires, 84",caiçara - adelaide,RN
Nathan Mendes,509.***.***-6,40.0,1985-02-07,"campo anthony jesus, 73",vale do jatoba,PB
Dra. Esther Aparecida,891.***.***-6,45.0,1980-05-17,"campo jesus, 95",gutierrez,RN
Maria Julia Vargas,302.***.***-7,49.0,1976-04-22,"feira araújo, 66",horto,CE
Rael Barros,869.***.***-2,21.0,2004-06-23,"lago isabella abreu, 32",boa união 2ª seção,PA
Alexandre Camargo,186.***.***-3,36.0,1989-08-06,"largo de oliveira, 981",providencia,AP
Dr. Theo Casa Grande,208.***.***-7,20.0,2005-03-13,"sítio ana vitória gomes, 16",mala e cuia,DF
Ana Clara Macedo,389.***.***-7,22.0,2003-03-26,"ladeira machado, 22",laranjeiras,BA
Ravi Lucca Sousa,135.***.***-1,47.0,1978-08-03,"parque ana carolina vasconcelos, 1",morro dos macacos,PR
Maria Fernanda Da Rosa,946.***.***-7,43.0,1982-03-21,"avenida liam gonçalves, 558",paraíso,MG
Dr. Kevin Da Paz,824.***.***-7,52.0,1973-11-13,vale vitor hugo silveira,vila santo antônio,SC
Clarice Mendonça,085.***.***-2,35.0,1990-06-18,"residencial de sampaio, 719",vila madre gertrudes 4ª seção,RJ
Maria Luísa Vasconcelos,521.***.***-7,35.0,1990-10-12,"feira carlos eduardo sales, 15",barro preto,TO
Theodoro Ribeiro,895.***.***-0,43.0,1982-04-01,"pátio de guerra, 19",santana do cafezal,RO
Joaquim Pacheco,032.***.***-2,37.0,1988-09-15,"viaduto luiz henrique da paz, 8",vila independencia 2ª seção,AM
Davi Lucas Rezende,192.***.***-7,34.0,1991-02-13,"praça de teixeira, 89",beija flor,PI
Paulo Siqueira,638.***.***-9,43.0,1982-03-23,"lagoa isaac cunha, 655",ouro preto,SP
Marina Ferreira,523.***.***-8,45.0,1980-09-25,"conjunto de andrade, 40",castanheira,SE
Luiz Henrique Camargo,624.***.***-3,37.0,1988-02-03,"quadra de da mata, 655",camponesa 1ª seção,PB
Maria Sophia Pires,564.***.***-0,53.0,1972-11-02,"lagoa de pires, 76",são cristóvão,PR
Vitor Hugo Casa Grande,432.***.***-9,59.0,1966-11-05,"avenida samuel peixoto, 654",vila antena,CE
Alexandre Sá,315.***.***-9,55.0,1970-10-15,"lago de rezende, 985",flavio marques lisboa,PE
Ana Julia Araújo,089.***.***-5,26.0,1999-03-07,"viaduto ana vitória rios, 6",pedreira padro lopes,PR
Dr. Thiago Duarte,257.***.***-9,50.0,1975-08-17,"distrito machado, 59",vila tirol,ES
Aylla Da Conceição,532.***.***-2,48.0,1977-04-27,"parque de almeida, 69",vila são gabriel jacui,SC
Lara Leão,089.***.***-5,49.0,1976-10-11,"viela de ramos, 2",flavio de oliveira,AM
Lorena Costela,928.***.***-3,23.0,2002-09-20,"praça fernanda macedo, 57",bacurau,PI
Sr. Gabriel Castro,384.***.***-2,29.0,1996-06-21,favela jesus,céu azul,MT
Maria Luísa Lopes,412.***.***-0,33.0,1992-06-07,"fazenda jesus, 28",tiradentes,CE
Antonella Porto,528.***.***-7,57.0,1968-09-23,"sítio leão, 243",nova suíça,RR
João Guilherme Lima,427.***.***-2,50.0,1975-06-20,"núcleo da rocha, 64",outro,AC
Luiz Otávio Moura,541.***.***-0,29.0,1996-10-08,"vereda luiza vasconcelos, 889",carlos prates,RJ
Brayan Cassiano,604.***.***-8,58.0,1967-05-07,"conjunto lopes, 47",atila de paiva,BA
Erick Teixeira,342.***.***-4,57.0,1968-02-23,"alameda de rios, 70",santa efigênia,PR
Ana Beatriz Duarte,640.***.***-9,47.0,1978-12-21,"avenida cavalcanti, 14",vila nova cachoeirinha 1ª seção,MA
Heitor Pimenta,269.***.***-0,56.0,1968-08-30,rodovia sá,serra,PA
Paulo Duarte,128.***.***-6,54.0,1971-05-01,"feira borges, 5",grota,GO
Lara Cassiano,329.***.***-2,29.0,1996-07-12,"vila de alves, 991",pompéia,PR
Gustavo Henrique Cavalcanti,271.***.***-4,43.0,1982-08-25,"passarela de da rocha, 8",santa cruz,CE
Sabrina Macedo,237.***.***-3,53.0,1972-08-19,"lagoa de silva, 74",santo andré,RJ
Guilherme Cassiano,807.***.***-6,34.0,1990-10-30,"trecho ana vitória silva, 9",calafate,AM
Maria Cecília Martins,386.***.***-6,29.0,1996-07-14,"vereda pietra jesus, 67",belvedere,CE
Mariane Da Mota,179.***.***-0,30.0,1995-10-12,"sítio montenegro, 95",monte azul,PB
Ayla Guerra,370.***.***-1,54.0,1971-05-03,"rua machado, 30",vila são gabriel,SC
Rhavi Melo,062.***.***-0,41.0,1984-06-01,"loteamento sampaio, 6",santa lúcia,BA
Dra. Alice Fonseca,123.***.***-1,55.0,1970-11-03,"via pastor, 131",vila barragem santa lúcia,RJ
Marcela Fernandes,896.***.***-0,48.0,1977-08-05,"via novaes, 48",túnel de ibirité,AL
Henry Gabriel Duarte,052.***.***-7,21.0,2004-01-01,"trevo marques, 81",conjunto paulo vi,MS
Esther Abreu,847.***.***-5,18.0,2007-04-12,"setor melo, 16",santo antônio,GO
Rael Nogueira,156.***.***-8,58.0,1967-06-07,"aeroporto de camargo, 247",aparecida 7ª seção,GO
Lucca Pinto,258.***.***-4,39.0,1986-11-21,"recanto brayan dias, 134",diamante,ES
Caroline Moura,567.***.***-8,33.0,1992-08-08,"loteamento de albuquerque, 111",pousada santo antonio,ES
Mariah Freitas,972.***.***-4,42.0,1982-09-30,morro de pereira,alto vera cruz,AL
Emilly Sá,954.***.***-3,46.0,1978-12-31,"núcleo de barbosa, 167",mariano de abreu,RJ
Josué Costa,358.***.***-7,58.0,1967-05-16,"fazenda de farias, 3",coqueiros,SC
Luara Costa,782.***.***-4,35.0,1990-04-29,"feira silva, 62",nova america,MA
Murilo Da Mota,805.***.***-8,60.0,1965-08-16,"fazenda gustavo silva, 50",ipiranga,PI
Rhavi Cassiano,058.***.***-2,47.0,1978-01-29,"aeroporto nogueira, 7",santa isabel,SP
Sara Montenegro,187.***.***-6,19.0,2006-02-11,"aeroporto de pimenta, 33",santa inês,MT
Manuella Montenegro,147.***.***-9,19.0,2006-07-25,"condomínio sampaio, 27",copacabana,PI
João Pedro Leão,750.***.***-1,29.0,1996-06-05,favela de moraes,mirtes,AM
Rael Da Luz,795.***.***-0,38.0,1987-08-22,"recanto castro, 72",guarani,RJ
Maria Julia Gomes,590.***.***-7,55.0,1970-10-15,"viaduto nascimento, 54",varzea da palma,CE
Emanuel Almeida,892.***.***-0,35.0,1990-04-22,"travessa de da mota, 37",mala e cuia,MT
Olívia Almeida,624.***.***-4,54.0,1971-11-03,"jardim hadassa farias, 18",carmo,PB
Bernardo Fonseca,109.***.***-2,52.0,1973-10-13,trecho jade albuquerque,mantiqueira,RR
Sr. Juan Rocha,783.***.***-4,42.0,1983-03-14,"aeroporto anna liz pires, 67",granja werneck,AM
Bianca Freitas,257.***.***-0,43.0,1982-02-24,"vale luiz felipe brito, 723",vila de sá,RS
Oliver Da Cruz,837.***.***-7,41.0,1984-11-15,"largo de da cruz, 7",vila engenho nogueira,MA
Sra. Ana Carolina Freitas,650.***.***-3,37.0,1988-08-14,"viela abreu, 806",ademar maldonado,PB
Laís Borges,973.***.***-6,48.0,1977-09-11,"área de abreu, 619",barro preto,RO
Dr. José Pedro Montenegro,450.***.***-2,29.0,1995-12-27,"feira de dias, 112",união,MT
Pedro Lucas Cavalcanti,281.***.***-9,37.0,1988-07-05,"viela correia, 31",esplanada,AP
Joana Sales,428.***.***-0,19.0,2006-09-23,"esplanada elisa jesus, 53",planalto,PR
Isadora Cavalcanti,053.***.***-0,19.0,2006-03-20,"alameda de moraes, 58",granja de freitas,GO
Giovanna Moura,317.***.***-9,40.0,1985-07-17,"favela bernardo da luz, 627",vila madre gertrudes 1ª seção,RS
Lucca Fogaça,603.***.***-6,60.0,1965-07-10,"morro de vieira, 5",santa inês,GO
Alícia Alves,657.***.***-0,30.0,1995-05-18,"estação de sá, 972",jardim montanhês,DF
Vinícius Freitas,947.***.***-3,40.0,1985-03-31,"colônia de castro, 80",são pedro,RR
Maria Isis Vargas,621.***.***-4,25.0,2000-10-12,"núcleo calebe pinto, 19",monte azul,PA
Gael Teixeira,025.***.***-4,20.0,2005-08-23,"jardim luara barbosa, 81",horto florestal,RS
Vinícius Carvalho,157.***.***-5,56.0,1969-12-06,"campo pires, 97",lourdes,RO
Sr. João Guilherme Nascimento,460.***.***-9,55.0,1970-11-04,"colônia aragão, 99",calafate,ES
Ana Lívia Mendonça,120.***.***-1,50.0,1975-03-07,"largo anna liz leão, 56",etelvina carneiro,PA
Ian Pimenta,250.***.***-9,61.0,1964-08-16,"jardim abreu, 2",lagoa,RJ
Dra. Maria Liz Fogaça,750.***.***-0,41.0,1984-10-20,"colônia pedro da costa, 86",bonfim,MG
Otto Das Neves,862.***.***-0,36.0,1989-06-07,avenida rodrigo fernandes,das industrias i,MS
Carlos Eduardo Mendonça,964.***.***-9,43.0,1982-04-28,"passarela santos, 18",vila barragem santa lúcia,ES
Sr. Cauê Pinto,836.***.***-8,34.0,1991-12-17,"lagoa de ferreira, 40",alto barroca,AM
Maria Vitória Da Rosa,213.***.***-9,18.0,2006-12-30,"trecho melo, 85",bom jesus,PI
Ana Júlia Cardoso,869.***.***-9,35.0,1990-03-09,"estação maria helena silveira, 418",conjunto são francisco de assis,ES
Eduarda Cavalcanti,397.***.***-3,49.0,1976-06-08,"morro da cunha, 3",conjunto bonsucesso,PI
Benjamin Pereira,746.***.***-7,55.0,1970-03-27,"alameda monteiro, 48",vila canto do sabiá,DF
Caio Freitas,098.***.***-6,53.0,1972-11-18,"distrito rios, 3",vila califórnia,MT
Natália Lima,381.***.***-0,21.0,2004-08-24,"distrito ravi cassiano, 51",tres marias,AC
Leandro Santos,923.***.***-7,37.0,1988-05-20,"loteamento de sousa, 1",são josé,GO
Sr. Luiz Fernando Barbosa,964.***.***-4,56.0,1969-05-17,"rua de santos, 57",canadá,AM
Dr. Thiago Andrade,394.***.***-7,34.0,1990-11-26,"travessa de das neves, 55",jardim alvorada,CE
Ana Laura Sousa,357.***.***-6,49.0,1976-07-23,"travessa de da rocha, 6",conjunto califórnia ii,PI
Rael Guerra,017.***.***-0,32.0,1993-05-21,campo emanuel gomes,cabana do pai tomás,AM
Bernardo Da Luz,427.***.***-4,43.0,1982-04-30,vale duarte,campo alegre,TO
Anthony Melo,238.***.***-1,31.0,1994-04-03,"loteamento arthur gabriel cardoso, 80",pirineus,AC
Amanda Da Rosa,547.***.***-4,45.0,1980-10-22,"distrito de da conceição, 81",laranjeiras,GO
Sra. Camila Camargo,739.***.***-1,28.0,1997-05-18,"colônia yuri costela, 745",monte são josé,PE
Luana Pinto,713.***.***-3,20.0,2005-10-17,"chácara valentina correia, 89",santa tereza,DF
Bárbara Novais,621.***.***-3,56.0,1969-12-18,"morro olívia fonseca, 62",mineirão,PA
Gael Macedo,759.***.***-6,24.0,2001-12-08,"lago anthony gabriel gomes, 56",são cristóvão,PA
Breno Da Cunha,590.***.***-0,36.0,1989-11-01,"estrada de fonseca, 1",fernão dias,AM
Dr. Miguel Cassiano,630.***.***-9,29.0,1995-09-29,"praia laura silveira, 642",santa cecilia,PB
Eduardo Santos,298.***.***-6,20.0,2005-04-05,"passarela antonella cardoso, 64",savassi,SP
Oliver Cassiano,605.***.***-0,52.0,1972-11-27,lagoa de jesus,vila jardim montanhes,RN
Emanuella Lopes,041.***.***-1,19.0,2006-03-22,rua mendonça,céu azul,RN
João Vitor Mendes,219.***.***-7,56.0,1969-06-12,trecho de brito,camargos,ES
Davi Lucas Da Mata,729.***.***-3,38.0,1987-08-12,praia de brito,lourdes,AP
Esther Santos,534.***.***-6,58.0,1967-12-06,"residencial de da mota, 56",rio branco,MA
Maysa Fogaça,876.***.***-1,43.0,1982-03-12,"passarela montenegro, 919",marilandia,PR
Josué Guerra,735.***.***-7,33.0,1991-07-27,"passarela de sousa, 59",camargos,SC
Brenda Fernandes,024.***.***-1,48.0,1977-09-06,"trevo de fernandes, 39",vila piratininga venda nova,CE
Sofia Correia,149.***.***-9,55.0,1970-11-10,favela peixoto,novo ouro preto,TO
Marcelo Sá,293.***.***-5,54.0,1971-03-18,feira de duarte,vila cloris,PB
Dr. Gael Henrique Garcia,823.***.***-2,46.0,1979-09-02,"ladeira andré dias, 93",outro,RN
Stella Cirino,901.***.***-8,34.0,1991-01-20,"trevo de aragão, 5",estrela do oriente,MS
Melissa Nunes,482.***.***-6,33.0,1992-12-08,"favela guilherme casa grande, 849",acaiaca,MS
Ana Vitória Ramos,173.***.***-0,48.0,1977-03-15,"lago monteiro, 5",são gonçalo,PA
Olívia Lima,076.***.***-4,54.0,1970-07-31,"residencial pastor, 64",vila santo antônio,MA
Arthur Nascimento,310.***.***-1,40.0,1985-04-16,"sítio vitor gabriel araújo, 666",vila oeste,PB
Sra. Sara Da Conceição,328.***.***-0,47.0,1978-08-20,"setor valentim borges, 29",planalto,RN
Raquel Cardoso,348.***.***-7,24.0,2001-12-01,"vale de da conceição, 1",vila mantiqueira,RR
Emanuelly Caldeira,741.***.***-1,23.0,2002-05-12,colônia de santos,novo santa cecilia,CE
Dra. Aurora Duarte,069.***.***-0,38.0,1987-03-22,avenida sofia da rosa,vila canto do sabiá,SE
Dr. Rhavi Dias,830.***.***-1,31.0,1994-08-11,"alameda maria fernanda silveira, 49",candelaria,AM
Srta. Isabel Rios,703.***.***-2,30.0,1995-02-25,"via da paz, 653",fazendinha,ES
Luara Porto,459.***.***-0,37.0,1988-05-30,"pátio miguel pimenta, 8",são sebastião,CE
Brayan Santos,368.***.***-2,23.0,2002-04-13,"vereda de moreira, 87",minaslandia,RR
Maria Andrade,691.***.***-0,43.0,1981-07-28,"praia de duarte, 18",vila da ária,TO
Matteo Araújo,067.***.***-6,54.0,1971-07-09,morro maria rocha,coqueiros,AP
Valentim Moura,092.***.***-3,34.0,1991-04-11,"parque vasconcelos, 91",cônego pinheiro 1ª seção,RR
Dr. Ravi Lucca Rodrigues,048.***.***-7,54.0,1971-10-23,"passarela albuquerque, 40",jardim vitoria,PB
Guilherme Jesus,279.***.***-6,28.0,1997-06-15,"trevo costela, 63",serra,PA
Benjamim Vasconcelos,364.***.***-9,47.0,1978-06-07,setor costa,jardim leblon,PB
Olívia Teixeira,569.***.***-0,34.0,1991-01-04,estrada moreira,distrito industrial do jatoba,PB
Carlos Eduardo Da Mota,206.***.***-6,55.0,1970-11-06,"feira manuella farias, 93",santa margarida,DF
Bryan Barros,762.***.***-1,27.0,1998-01-25,parque fogaça,alto barroca,RR
Ravi Fernandes,071.***.***-5,55.0,1970-04-21,"vale martins, 91",ademar maldonado,AC
Sra. Nina Cavalcanti,496.***.***-0,55.0,1970-08-04,"favela de vasconcelos, 6",são bernardo,MG
Augusto Cavalcante,253.***.***-2,38.0,1987-07-14,"sítio de barbosa, 7",minaslandia,AM
Sra. Amanda Jesus,032.***.***-1,49.0,1976-10-25,"rodovia de novaes, 27",bandeirantes,DF
Natália Pires,309.***.***-6,20.0,2005-08-02,"travessa albuquerque, 211",castanheira,PA
Lorenzo Freitas,093.***.***-4,52.0,1973-06-11,"colônia de abreu, 55",vila havaí,PI
Rebeca Da Luz,586.***.***-1,38.0,1987-01-08,"travessa vieira, 96",vila maria,PR
Carlos Eduardo Cavalcante,842.***.***-1,32.0,1993-06-11,residencial ana sophia santos,castanheira,MG
Rhavi Ramos,546.***.***-6,27.0,1998-04-29,colônia da mata,grajaú,PA
Julia Almeida,709.***.***-0,51.0,1974-03-16,"distrito moreira, 52",barreiro,GO
Antonella Cirino,851.***.***-3,21.0,2004-09-07,estrada de novais,são cristóvão,MS
Srta. Maria Laura Barbosa,957.***.***-2,22.0,2002-10-27,"trecho de azevedo, 70",unidas,RR
Pedro Rodrigues,397.***.***-3,36.0,1989-03-18,"fazenda caio abreu, 84",pedreira padro lopes,AL
Benício Rios,084.***.***-6,29.0,1996-05-14,"passarela de siqueira, 77",coração eucarístico,RJ
Joaquim Leão,309.***.***-8,44.0,1981-04-26,"colônia asafe borges, 66",vila nova cachoeirinha 2ª seção,AM
Rafaela Campos,158.***.***-5,59.0,1966-11-12,"vereda henry leão, 19",candelaria,SC
Marcelo Brito,630.***.***-2,48.0,1977-02-07,"largo jesus, 52",santa tereza,RS
Sr. Luiz Fernando Ferreira,582.***.***-2,57.0,1968-01-26,"quadra de da luz, 84",sport club,PE
Maria Luiza Moreira,038.***.***-5,56.0,1969-05-27,"vila aragão, 2",santa rita de cássia,AL
Lorena Pereira,287.***.***-1,60.0,1965-05-10,"feira borges, 954",nossa senhora da aparecida,GO
Manuela Monteiro,710.***.***-8,52.0,1973-03-22,"largo abreu, 18",guaratã,RJ
Otto Melo,893.***.***-7,22.0,2003-09-10,campo mendes,maria tereza,RJ
Davi Souza,651.***.***-9,21.0,2004-03-19,"vereda de teixeira, 5",boa esperança,TO
Ana Lívia Alves,853.***.***-2,22.0,2003-04-20,"chácara mateus da cunha, 393",concórdia,PE
Maria Isis Fogaça,143.***.***-2,30.0,1995-03-27,"setor levi souza, 597",vila atila de paiva,PI
Dr. João Felipe Cunha,082.***.***-0,44.0,1981-06-07,vale gabriela borges,carmo,PA
João Lucas Rocha,132.***.***-7,25.0,2000-02-22,"via larissa pires, 621",capitão eduardo,PB
Sra. Maria Isis Peixoto,961.***.***-1,46.0,1979-06-21,"alameda paulo viana, 19",vila satélite,PA
Thomas Jesus,972.***.***-7,22.0,2003-07-07,"parque vasconcelos, 48",vila santa rosa,TO
Rodrigo Correia,723.***.***-4,59.0,1966-08-19,"trecho moraes, 81",conjunto floramar,MT
Bryan Silveira,412.***.***-3,18.0,2007-07-15,"estação pedro lucas cunha, 6",lourdes,BA
Antonella Da Mota,048.***.***-3,18.0,2007-05-26,"lago de nogueira, 4",vila barragem santa lúcia,PE
Ester Gomes,073.***.***-1,30.0,1994-09-26,"campo alves, 7",santa amelia,MT
Clarice Siqueira,942.***.***-0,58.0,1967-05-29,"favela gabriel moraes, 81",são paulo,PB
Isabella Macedo,502.***.***-1,28.0,1997-07-16,"recanto josé ramos, 274",paulo vi,CE
Henry Pinto,068.***.***-0,35.0,1990-03-11,"estrada martins, 886",mangabeiras,TO
Lívia Porto,917.***.***-0,56.0,1969-12-10,"aeroporto carlos eduardo freitas, 58",guaratã,CE
Sr. Rafael Gomes,268.***.***-0,57.0,1968-04-19,estação eduarda mendonça,mirtes,GO
Maysa Nascimento,014.***.***-5,48.0,1977-08-24,"lago emilly dias, 40",piratininga,RR
Cauã Sá,618.***.***-9,37.0,1988-07-06,"quadra yan santos, 46",vila são gabriel,RS
Helena Cunha,230.***.***-5,48.0,1977-01-13,"lago pacheco, 41",solar do barreiro,PR
José Pedro Vasconcelos,529.***.***-2,19.0,2006-09-21,travessa da mata,novo glória,AL
Enrico Campos,529.***.***-8,33.0,1992-11-11,"colônia dias, 21",taquaril,SE
Cecilia Abreu,145.***.***-4,34.0,1991-12-17,"ladeira montenegro, 12",conjunto jardim filadélfia,RR
Liz Rios,541.***.***-9,56.0,1969-05-08,"pátio miguel vasconcelos, 9",são marcos,SC
José Miguel Da Rosa,184.***.***-2,22.0,2003-12-21,"travessa pedro miguel melo, 49",beira linha,AP
Dr. Pedro Da Mata,260.***.***-5,29.0,1996-03-05,"vila de nunes, 49",vila ecológica,AM
Luana Da Mota,503.***.***-3,36.0,1989-07-11,"jardim porto, 31",bonsucesso,MG
Igor Souza,098.***.***-2,42.0,1983-01-30,"avenida de da cunha, 857",conjunto são francisco de assis,RO
Ísis Correia,079.***.***-9,61.0,1964-10-24,"alameda de mendes, 83",serra,MA
Dra. Isabela Campos,961.***.***-0,46.0,1979-05-09,"recanto aurora melo, 871",vila ouro minas,MS
Guilherme Cavalcante,975.***.***-6,30.0,1994-08-26,"praia de da paz, 4",vila nova paraíso,CE
Pedro Lucas Sales,603.***.***-0,36.0,1989-11-19,"colônia de barros, 91",tres marias,AP
Heloísa Vasconcelos,428.***.***-0,58.0,1967-03-26,esplanada de melo,virgínia,RN
Fernando Pereira,452.***.***-0,27.0,1998-10-17,"loteamento moraes, 160",alto das antenas,PR
Maria Luiza Fogaça,301.***.***-4,36.0,1989-04-14,"setor oliveira, 73",diamante,PI
Gabriel Da Paz,479.***.***-1,27.0,1998-02-19,"rodovia de marques, 3",prado,PA
Lorenzo Barros,894.***.***-6,24.0,2001-06-03,condomínio nunes,conjunto minas caixa,AC
Dr. Ryan Da Mata,471.***.***-5,34.0,1991-01-06,"rua juliana azevedo, 151",manacas,AL
Ana Júlia Fogaça,938.***.***-4,19.0,2006-04-06,sítio silva,vila são gabriel jacui,RS
Sr. Isaque Marques,743.***.***-5,38.0,1987-04-03,"via de vieira, 691",boa união 1ª seção,RR
Larissa Rocha,218.***.***-1,59.0,1966-05-20,"vila elisa pereira, 227",ernesto nascimento,SP
Hellena Correia,932.***.***-3,55.0,1970-04-29,"recanto da conceição, 44",suzana,TO
Rafael Nunes,570.***.***-1,30.0,1995-03-22,"estrada cardoso, 15",vila da ária,RJ
Isabel Martins,972.***.***-4,56.0,1969-08-18,"loteamento lopes, 41",vitoria,RO
Alexandre Fonseca,204.***.***-0,27.0,1998-03-11,"rua lavínia fogaça, 4",madre gertrudes,RS
Luísa Cavalcanti,903.***.***-0,44.0,1981-09-03,"vereda de moreira, 7",granja werneck,PB
Isadora Vargas,459.***.***-0,57.0,1968-11-20,"favela cardoso, 53",mangabeiras,SE
Bernardo Da Rosa,149.***.***-0,54.0,1971-12-02,vila de garcia,capitão eduardo,RR
Maria Vitória Costa,376.***.***-8,37.0,1988-10-23,quadra de fogaça,vila betânia,RJ
Bernardo Dias,789.***.***-0,20.0,2005-05-12,"favela costela, 63",sagrada família,AM
Laura Nascimento,960.***.***-6,26.0,1999-09-19,"feira carolina das neves, 55",ipiranga,DF
Davi Lucca Pimenta,906.***.***-1,35.0,1990-12-12,"distrito de da paz, 46",funcionários,RO
Emilly Siqueira,207.***.***-6,56.0,1969-05-30,"ladeira monteiro, 19",fazendinha,TO
Daniela Aragão,128.***.***-3,38.0,1987-01-31,"feira de carvalho, 32",independência,PA
Letícia Da Conceição,814.***.***-0,40.0,1985-02-23,"lago das neves, 791",vila dos anjos,DF
Maria Isis Albuquerque,321.***.***-3,40.0,1985-08-21,"lagoa maria cecília melo, 48",vila santa monica 2ª seção,TO
Daniel Peixoto,573.***.***-1,55.0,1970-04-22,pátio pires,nova suíça,SP
Brenda Pinto,502.***.***-3,56.0,1968-09-27,"alameda maria clara pires, 9",itatiaia,PI
Evelyn Moraes,186.***.***-4,38.0,1987-09-06,"estação daniela fogaça, 32",vila madre gertrudes 3ª seção,DF
Heloisa Cavalcante,925.***.***-0,29.0,1995-10-26,viaduto teixeira,pindorama,AP
Aylla Abreu,802.***.***-5,39.0,1986-11-22,"campo lopes, 74",maria virgínia,MT
Dr. Antony Monteiro,096.***.***-6,36.0,1989-01-09,"sítio de araújo, 72",inconfidência,ES
Ana Vitória Mendonça,806.***.***-3,43.0,1982-09-06,"via cirino, 54",rio branco,RJ
Nathan Almeida,067.***.***-5,42.0,1983-01-26,"vila murilo da rosa, 21",santa rosa,PA
Melissa Melo,842.***.***-9,57.0,1968-01-02,"estrada sousa, 56",andiroba,PA
Pietra Cassiano,934.***.***-8,23.0,2002-10-18,"travessa da mata, 69",vila nossa senhora do rosário,BA
Vitória Caldeira,720.***.***-4,40.0,1985-04-18,"viela de pastor, 42",bacurau,PI
Renan Silveira,197.***.***-0,19.0,2006-02-07,"morro matteo vargas, 50",cabana do pai tomás,PI
Gael Machado,258.***.***-7,25.0,1999-10-26,"sítio de fernandes, 71",horto florestal,AC
Sra. Rafaela Rios,597.***.***-8,55.0,1970-08-21,viaduto emilly barbosa,buritis,CE
Julia Vieira,260.***.***-3,24.0,2001-03-09,"quadra de correia, 9",salgado filho,RR
Matteo Da Paz,486.***.***-4,47.0,1978-08-08,"jardim de alves, 606",caiçaras,RN
Anthony Gabriel Vieira,685.***.***-8,39.0,1986-11-24,"pátio cavalcanti, 8",nova america,GO
Breno Aparecida,859.***.***-0,32.0,1993-10-08,"loteamento evelyn vargas, 9",são pedro,AC
Ana Carolina Vieira,964.***.***-1,40.0,1985-12-17,"loteamento helena teixeira, 25",vila suzana segunda seção,PR
Ana Beatriz Câmara,285.***.***-7,43.0,1982-04-18,"viela de almeida, 46",vila santo antônio barroquinha,DF
Maria Eduarda Da Rocha,983.***.***-8,33.0,1992-06-03,"viela lopes, 50",joão alfredo,MS
Sophie Borges,647.***.***-8,53.0,1972-01-12,"trecho da costa, 88",são francisco,RN
Zoe Pacheco,482.***.***-8,58.0,1967-04-13,"chácara ramos, 535",boa união 2ª seção,RS
Maria Vitória Nascimento,079.***.***-2,31.0,1994-06-03,"alameda de nascimento, 1",boa vista,SC
Davi Luiz Abreu,859.***.***-8,20.0,2005-11-22,"distrito de fernandes, 18",vila rica,BA
Theodoro Cunha,513.***.***-0,18.0,2007-03-02,"núcleo de jesus, 72",vila fumec,RO
Pedro Miguel Costa,239.***.***-4,47.0,1978-07-02,"chácara asafe fogaça, 47",vila maloca,RR
Vinícius Pastor,053.***.***-7,31.0,1994-02-01,"jardim melo, 56",santa branca,AL
Fernanda Almeida,430.***.***-2,61.0,1964-12-07,"pátio de pacheco, 7",brasil industrial,AC
Maria Clara Rocha,548.***.***-1,32.0,1992-10-27,"vereda da cruz, 649",vista do sol,CE
Dante Mendes,679.***.***-9,26.0,1999-07-25,"feira fogaça, 9",boa união 1ª seção,MS
Melina Fogaça,512.***.***-3,55.0,1970-10-23,"vila gonçalves, 965",minas caixa,SE
Maria Fernanda Silveira,324.***.***-9,56.0,1969-03-07,aeroporto de viana,calafate,SP
João Gabriel Peixoto,598.***.***-1,34.0,1991-11-12,"colônia silveira, 484",camargos,MA
Luiz Felipe Cirino,752.***.***-1,33.0,1992-02-12,"estrada da rocha, 37",vila jardim leblon,GO
Maria Julia Souza,537.***.***-7,26.0,1999-05-17,"quadra marcelo abreu, 17",barão homem de melo 3ª seção,SE
Pedro Miguel Pinto,183.***.***-7,55.0,1969-12-30,quadra castro,marmiteiros,RS
Clara Marques,835.***.***-1,20.0,2005-04-03,"morro ayla duarte, 2",são joão,TO
Bruno Castro,976.***.***-1,36.0,1989-04-08,"sítio freitas, 83",vila são rafael,SC
José Pedro Almeida,096.***.***-6,34.0,1991-02-05,"setor de aparecida, 1",vila jardim montanhes,RO
Sra. Lívia Farias,145.***.***-2,21.0,2004-09-19,"via de ribeiro, 77",vila nova cachoeirinha 2ª seção,RS
Maria Laura Oliveira,275.***.***-0,36.0,1989-10-06,trevo pedro lucas abreu,confisco,MA
Dr. Emanuel Camargo,417.***.***-2,26.0,1999-09-07,"passarela mateus sampaio, 5",vila sesc,PE
Evelyn Cavalcante,378.***.***-5,21.0,2004-06-28,distrito nathan martins,morro dos macacos,RJ
Levi Cavalcanti,564.***.***-6,29.0,1996-07-07,"passarela de das neves, 45",varzea da palma,MT
Dante Fogaça,107.***.***-8,42.0,1983-01-03,"recanto ravi pastor, 44",são francisco das chagas,AM
Dr. Raul Carvalho,126.***.***-6,28.0,1997-01-06,"fazenda levi caldeira, 91",mineirão,SE
Isabel Lima,462.***.***-8,19.0,2006-08-11,condomínio montenegro,novo das industrias,AL
Dra. Melina Casa Grande,809.***.***-6,45.0,1980-03-27,"lago das neves, 5",alta tensão 1ª seção,CE
Gabriela Sales,156.***.***-0,52.0,1973-07-01,"distrito pinto, 11",vila aeroporto,PI
Srta. Clara Cirino,051.***.***-3,41.0,1984-09-16,largo de cavalcanti,serra verde,AL
Dr. Nathan Guerra,418.***.***-6,25.0,2000-05-08,"morro de gomes, 24",carmo,MS
Eloá Cunha,928.***.***-0,58.0,1967-06-19,"avenida da mota, 421",flavio marques lisboa,AC
Lívia Moreira,964.***.***-4,22.0,2003-12-05,"rua cauê montenegro, 89",santa isabel,TO
Luna Alves,683.***.***-8,23.0,2001-12-26,"vereda theo jesus, 92",são geraldo,TO
Theo Farias,531.***.***-3,19.0,2006-01-08,"jardim de martins, 20",itaipu,ES
Maria Luísa Freitas,907.***.***-3,30.0,1995-11-12,parque moreira,castanheira,RN
Dra. Catarina Macedo,308.***.***-3,36.0,1989-06-03,"jardim abreu, 8",alta tensão 1ª seção,RJ
Alexandre Santos,391.***.***-1,55.0,1970-06-22,"viaduto barbosa, 481",colégio batista,MS
Sara Silva,971.***.***-1,33.0,1992-12-25,estação de silveira,nossa senhora da conceição,CE
Gustavo Henrique Fogaça,750.***.***-3,59.0,1966-01-30,vale da costa,barro preto,RR
Isabel Moraes,572.***.***-0,28.0,1997-04-12,"distrito maria cecília oliveira, 27",estrela,AL
Bárbara Jesus,528.***.***-2,24.0,2001-12-22,"esplanada cecília cassiano, 72",alto dos pinheiros,DF
Eloá Vieira,795.***.***-3,55.0,1970-03-25,"morro de ramos, 9",joão paulo ii,ES
Leonardo Azevedo,825.***.***-8,31.0,1994-02-25,"conjunto macedo, 1",alta tensão 2ª seção,MA
Pietro Costela,158.***.***-5,35.0,1990-06-14,"esplanada montenegro, 47",vila nova gameleira 2ª seção,PB
Diogo Fonseca,985.***.***-0,44.0,1981-02-04,trevo lima,goiania,ES
Lucas Gabriel Campos,143.***.***-0,43.0,1982-06-07,"pátio de vieira, 4",são jorge 2ª seção,SP
Aylla Rios,783.***.***-2,52.0,1973-12-02,trevo de rocha,vila ouro minas,MT
Alice Correia,370.***.***-8,39.0,1986-02-12,"via andrade, 64",vila santa monica 1ª seção,RS
Gael Da Costa,801.***.***-5,47.0,1978-07-03,"praça duarte, 927",conjunto capitão eduardo,RN
Marcela Rezende,214.***.***-8,38.0,1986-12-28,"praia de machado, 4",beira linha,PE
Ana Cavalcanti,094.***.***-6,51.0,1974-11-22,"viaduto de farias, 479",santa terezinha,RJ
Miguel Campos,235.***.***-3,53.0,1972-05-06,"vila cecília rios, 52",diamante,RO
Maria Liz Vieira,673.***.***-5,44.0,1981-12-12,"feira de vieira, 66",petropolis,AM
Maria Vitória Correia,349.***.***-9,29.0,1995-08-28,"fazenda bianca andrade, 34",comiteco,SE
Srta. Mariane Guerra,281.***.***-4,44.0,1981-08-12,viela de da rosa,camargos,RJ
Hellena Costa,893.***.***-8,50.0,1974-12-28,"rua de garcia, 63",sion,AC
Lívia Pereira,562.***.***-2,29.0,1996-03-07,"alameda otávio vasconcelos, 90",vila cemig,SE
Matteo Rocha,590.***.***-1,57.0,1968-06-11,alameda gustavo henrique sá,mirante,AC
Sra. Maria Isis Fernandes,683.***.***-0,23.0,2002-05-14,"parque de abreu, 45",vila real 1ª seção,PE
Rafaela Da Mata,473.***.***-5,56.0,1969-06-19,"largo bernardo vieira, 53",vila inestan,MG
Theodoro Brito,276.***.***-9,43.0,1982-05-31,"rua fonseca, 10",vila santa monica 2ª seção,RJ
Rebeca Costa,531.***.***-2,24.0,2001-03-29,feira maria eduarda pacheco,carlos prates,PE
Nathan Martins,170.***.***-3,60.0,1965-01-25,"trevo de da cruz, 657",funcionários,AM
Dr. Lucas Gabriel Cardoso,249.***.***-0,38.0,1987-08-10,"área de cassiano, 78",palmeiras,RR
Isabelly Viana,891.***.***-7,20.0,2005-11-05,"travessa câmara, 11",vila havaí,DF
Rodrigo Freitas,805.***.***-9,22.0,2002-10-30,"viaduto de fonseca, 5",aguas claras,BA
Dra. Emanuelly Caldeira,793.***.***-6,29.0,1996-09-19,"via de da costa, 39",nova floresta,PB
Maria Fernanda Gomes,681.***.***-5,34.0,1991-10-13,"chácara brito, 74",alta tensão 1ª seção,DF
José Cavalcanti,971.***.***-0,41.0,1984-01-20,"trecho gabriel cassiano, 8",pilar,RR
Mirella Nogueira,246.***.***-7,50.0,1975-01-17,"campo de sá, 5",cônego pinheiro 1ª seção,AC
Fernanda Borges,849.***.***-1,52.0,1973-12-17,"esplanada de cardoso, 89",rio branco,MG
Ravi Lucca Pacheco,251.***.***-2,54.0,1971-12-17,"condomínio de farias, 95",santa helena,SP
Luiz Miguel Da Mata,286.***.***-4,37.0,1988-11-23,"favela guerra, 56",silveira,PE
Rael Rios,275.***.***-3,42.0,1983-07-12,"vale lara pereira, 37",luxemburgo,TO
Oliver Monteiro,903.***.***-2,21.0,2004-12-23,"lago câmara, 246",são jorge 1ª seção,AP
Pedro Araújo,609.***.***-9,45.0,1980-04-08,lago de souza,castanheira,SC
Eloah Barros,605.***.***-7,49.0,1976-08-24,quadra sara pimenta,colégio batista,MS
Marcos Vinicius Mendes,106.***.***-4,56.0,1969-04-01,"vereda leão, 66",marajó,TO
João Pedro Gomes,719.***.***-6,51.0,1974-03-02,parque murilo moura,vila santa monica 1ª seção,RJ
Asafe Freitas,436.***.***-0,28.0,1997-03-21,"ladeira leão, 417",colégio batista,AM
Henry Gabriel Leão,620.***.***-9,59.0,1966-04-30,"área de cassiano, 71",santa tereza,SC
Lavínia Nunes,194.***.***-9,31.0,1994-12-01,"jardim isabel castro, 37",novo ouro preto,RR
Maria Liz Leão,581.***.***-5,33.0,1992-05-25,"vereda de alves, 52",vila pilar,SE
João Gabriel Cunha,517.***.***-0,47.0,1978-01-07,"área de duarte, 38",serrano,AP
Calebe Duarte,108.***.***-9,23.0,2002-11-06,"chácara de rocha, 11",jardim do vale,MA
Alexandre Borges,358.***.***-9,49.0,1976-06-23,quadra pires,minas brasil,RR
Srta. Sarah Martins,031.***.***-0,24.0,2001-06-27,"residencial melo, 392",vila atila de paiva,SE
Carolina Montenegro,743.***.***-6,27.0,1998-07-08,"alameda de lopes, 29",vila mantiqueira,AC
Dante Pinto,139.***.***-4,19.0,2006-07-07,quadra de da paz,conjunto lagoa,AP
Dom Oliveira,032.***.***-8,48.0,1976-07-27,"jardim barros, 27",vila são rafael,RO
Gael Peixoto,956.***.***-2,55.0,1970-04-05,ladeira isabela peixoto,santa margarida,SC
Srta. Gabrielly Da Cruz,529.***.***-9,40.0,1985-02-20,"condomínio de costa, 357",vila canto do sabiá,SE
Eduardo Novaes,384.***.***-0,59.0,1965-12-28,estrada de da rocha,cardoso,PE
Antonella Cassiano,463.***.***-1,25.0,2000-08-24,"estação porto, 5",conjunto lagoa,SC
Vicente Sá,759.***.***-2,23.0,2002-05-08,"núcleo de silveira, 49",jardim são josé,PR
Lucas Gabriel Da Paz,704.***.***-9,19.0,2006-02-23,residencial thiago andrade,aparecida 7ª seção,PE
Lucca Alves,175.***.***-7,39.0,1986-10-18,"trecho bernardo ramos, 29",conjunto lagoa,RS
Asafe Silva,398.***.***-0,59.0,1966-02-17,praça de cavalcante,dom joaquim,MA
Luna Teixeira,786.***.***-5,30.0,1995-09-17,"condomínio davi luiz ramos, 44",manacas,AL
Ana Vitória Mendonça,927.***.***-7,59.0,1966-12-02,"setor joão miguel carvalho, 182",vila satélite,MT
Bárbara Caldeira,168.***.***-9,26.0,1999-10-25,"núcleo ayla araújo, 332",aeroporto,MG
Clara Lima,154.***.***-0,53.0,1972-04-06,"largo ryan garcia, 6",santo agostinho,PE
Matheus Farias,374.***.***-1,32.0,1993-03-06,chácara câmara,bela vitoria,MS
Valentina Macedo,143.***.***-3,24.0,2000-12-31,"ladeira mendes, 592",vila jardim alvorada,SE
Heitor Siqueira,375.***.***-4,38.0,1987-03-23,recanto de marques,esperança,SE
Isadora Costela,742.***.***-3,44.0,1981-02-24,"esplanada de cirino, 73",alto barroca,RR
Guilherme Gonçalves,293.***.***-1,58.0,1967-06-16,"recanto eduardo porto, 31",são lucas,CE
João Guilherme Pastor,423.***.***-7,18.0,2007-03-23,setor azevedo,conjunto lagoa,SC
Dr. Nathan Cardoso,380.***.***-7,49.0,1976-08-21,"rua sousa, 614",vila piratininga venda nova,GO
Vinícius Vasconcelos,056.***.***-4,56.0,1969-02-20,"quadra rael mendes, 19",vila são francisco,AC
Nina Da Cunha,360.***.***-9,29.0,1996-09-25,fazenda sousa,vila califórnia,GO
Maria Júlia Campos,384.***.***-9,33.0,1992-04-08,"via de da costa, 69",vila bandeirantes,MT
Srta. Joana Novaes,769.***.***-3,23.0,2002-02-18,"viaduto ryan rodrigues, 435",nova suíça,AM
Sofia Fogaça,746.***.***-3,29.0,1996-04-13,"feira otto rezende, 59",vila canto do sabiá,MS
Dr. Anthony Azevedo,073.***.***-9,46.0,1979-10-18,"estrada abreu, 16",coração de jesus,RR
Mirella Silva,641.***.***-6,57.0,1968-10-02,"distrito farias, 539",vila ouro minas,AL
Sr. Juan Ramos,495.***.***-0,34.0,1991-10-07,"travessa leandro pastor, 19",bela vitoria,MS
Davi Cavalcante,649.***.***-0,18.0,2007-01-05,"lagoa de dias, 66",vila são geraldo,PR
Isis Camargo,249.***.***-9,49.0,1976-09-24,"colônia de da mata, 62",vila novo são lucas,DF
Apollo Rocha,425.***.***-6,24.0,2001-07-16,"estação mendonça, 34",olhos d'água,BA
Francisco Pimenta,910.***.***-6,47.0,1977-11-30,"condomínio de ferreira, 93",bonsucesso,MT
Anthony Gabriel Machado,480.***.***-2,28.0,1997-07-16,avenida jesus,vila são geraldo,TO
Olivia Da Cruz,287.***.***-5,50.0,1974-12-29,trecho caldeira,milionario,SC
Vitor Hugo Moreira,962.***.***-0,53.0,1972-09-24,"parque rhavi farias, 60",baleia,MT
Pedro Henrique Barbosa,721.***.***-8,28.0,1997-04-01,"campo de martins, 5",são bento,GO
Srta. Maria Isis Cassiano,348.***.***-4,37.0,1988-10-10,"estação de duarte, 56",bandeirantes,AC
João Pedro Montenegro,712.***.***-1,51.0,1974-01-28,"aeroporto antônio mendes, 35",maria virgínia,DF
Antony Farias,590.***.***-6,30.0,1995-03-30,"viela ana beatriz campos, 72",camargos,PB
Isaac Vasconcelos,816.***.***-4,31.0,1994-02-21,"estação lunna ramos, 5",alto das antenas,RO
Enrico Mendes,832.***.***-9,40.0,1985-09-05,"morro de mendes, 97",conjunto são francisco de assis,RJ
Davi Miguel Santos,463.***.***-0,45.0,1980-05-19,"esplanada zoe cardoso, 70",leticia,PA
Mateus Teixeira,956.***.***-1,39.0,1986-09-07,rua de silva,castanheira,RS
Mateus Pereira,349.***.***-2,52.0,1972-08-26,"avenida de das neves, 74",minaslandia,BA
Bruno Da Luz,109.***.***-1,26.0,1999-07-23,"loteamento dias, 79",tres marias,RN
Sr. Lucas Gabriel Da Rosa,423.***.***-8,33.0,1992-07-04,"ladeira luiza rezende, 9",tirol,RR
Melissa Aparecida,567.***.***-1,25.0,2000-02-29,"passarela maria clara rezende, 732",varzea da palma,MA
Mariah Vieira,240.***.***-0,26.0,1999-08-16,"favela de machado, 34",diamante,RS
Alana Moreira,397.***.***-4,23.0,2002-02-08,"trecho de da luz, 9",bandeirantes,MS
Maria Isis Duarte,360.***.***-6,57.0,1968-07-07,"lagoa de ribeiro, 149",candelaria,PE
Isadora Cunha,715.***.***-5,25.0,2000-09-09,"feira yasmin farias, 731",universitário,SP
Maria Laura Macedo,480.***.***-0,59.0,1966-05-17,"largo de carvalho, 373",madri,MG
Dra. Maysa Jesus,602.***.***-1,42.0,1983-12-12,"lagoa de pimenta, 29",primeiro de maio,PA
Srta. Isabel Cardoso,806.***.***-0,23.0,2002-06-03,"praia de campos, 6",jaraguá,RO
Allana Monteiro,645.***.***-6,41.0,1983-08-28,"fazenda rodrigues, 578",santa rosa,AM
Dr. Davi Lucas Barros,701.***.***-2,23.0,2002-05-30,"residencial vieira, 88",alpes,RN
Bianca Da Paz,723.***.***-0,45.0,1980-04-11,"distrito de souza, 63",vila de sá,MA
Rafael Camargo,285.***.***-0,49.0,1976-04-27,"estação de andrade, 953",ápia,GO
Srta. Agatha Gomes,970.***.***-7,34.0,1991-11-25,"chácara alexia dias, 13",estrela,CE
Eloá Pires,720.***.***-5,20.0,2005-03-03,vale gael henrique campos,europa,PB
Daniela Rodrigues,412.***.***-0,30.0,1995-02-01,"ladeira macedo, 867",vila batik,PR
Sra. Amanda Rocha,497.***.***-6,19.0,2006-06-18,"viela de sá, 51",nossa senhora de fátima,RS
Diego Aparecida,607.***.***-2,43.0,1982-07-22,"colônia de das neves, 57",madri,RJ
Heitor Araújo,980.***.***-3,39.0,1986-12-16,"vereda vitor moreira, 45",dom cabral,RS
Davi Lucca Rodrigues,392.***.***-0,36.0,1989-10-11,"favela câmara, 50",coração eucarístico,GO
Maria Cecília Silva,534.***.***-3,55.0,1970-08-15,avenida de sampaio,jaqueline,RS
Davi Lucas Rezende,894.***.***-4,57.0,1968-11-07,"residencial de aragão, 76",vila tirol,BA
Ana Julia Siqueira,591.***.***-5,41.0,1984-01-02,"morro antony da mata, 63",são benedito,PI
Dra. Stella Pereira,347.***.***-9,57.0,1968-12-01,"rua josé miguel moreira, 639",dona clara,RR
Rael Freitas,865.***.***-1,26.0,1998-12-26,"viela pacheco, 11",jaraguá,RN
Isis Montenegro,709.***.***-2,27.0,1998-08-25,"rodovia de novaes, 4",vila aeroporto jaraguá,AC
Bruno Alves,910.***.***-9,44.0,1981-07-08,"recanto henry gabriel da mata, 24",canadá,RR
Bianca Sousa,745.***.***-4,27.0,1998-02-15,"feira cavalcante, 41",vila formosa,ES
Oliver Marques,267.***.***-1,41.0,1984-11-23,núcleo joão gabriel nogueira,grajaú,DF
Sr. Gael Henrique Rezende,765.***.***-6,57.0,1968-11-20,"jardim caroline azevedo, 24",vila ouro minas,SC
Juan Cavalcanti,526.***.***-8,42.0,1983-06-03,"passarela da mata, 53",vila nossa senhora do rosário,SE
Alícia Azevedo,586.***.***-3,28.0,1997-12-19,"recanto de borges, 54",vila são rafael,SC
Anthony Gabriel Da Rosa,942.***.***-9,54.0,1971-06-23,"viaduto de sampaio, 771",vila jardim leblon,RO
Sr. Theo Duarte,917.***.***-8,42.0,1982-12-30,"vila luiz henrique borges, 13",cidade nova,MA
Fernando Cardoso,136.***.***-3,56.0,1969-12-25,"trecho marques, 97",xangri-lá,AC
Lorena Oliveira,018.***.***-3,25.0,2000-06-10,"estação de mendes, 12",são damião,PR
Sra. Maitê Albuquerque,620.***.***-7,50.0,1975-10-14,"morro ravy da cunha, 175",corumbiara,AP
Pietra Nunes,752.***.***-4,21.0,2004-07-23,"passarela de jesus, 8",marieta 1ª seção,AM
Carolina Aparecida,947.***.***-0,53.0,1972-06-05,"distrito de fogaça, 6",glória,MS
João Gabriel Cavalcanti,609.***.***-3,41.0,1984-06-17,"avenida maria alice macedo, 732",luxemburgo,PE
Alana Duarte,417.***.***-2,23.0,2002-01-31,"lago de oliveira, 14",são damião,AL
Danilo Machado,516.***.***-8,56.0,1969-06-04,"conjunto de nunes, 6",vila madre gertrudes 2ª seção,BA
Emilly Cavalcanti,184.***.***-9,52.0,1973-03-20,"via de novais, 811",nossa senhora de fátima,MS
Dr. Nicolas Monteiro,038.***.***-7,31.0,1994-11-18,campo de pereira,cardoso,PE
Cauã Da Mata,261.***.***-4,56.0,1969-10-11,"fazenda olívia nunes, 89",vila calafate,AC
Paulo Pinto,936.***.***-6,33.0,1992-03-03,viela lucas gabriel pereira,jardinópolis,AM
Dante Da Rosa,781.***.***-1,48.0,1977-07-20,"conjunto marques, 95",belvedere,SP
Sr. Enrico Nascimento,259.***.***-0,38.0,1987-09-12,"lago arthur gabriel silveira, 46",penha,RO
Cauã Da Rocha,259.***.***-0,48.0,1977-03-20,"largo maria isis castro, 17",santa maria,RO
Danilo Alves,753.***.***-9,23.0,2002-12-15,"praça henrique carvalho, 92",satelite,TO
Eloah Silva,963.***.***-2,32.0,1993-02-13,"passarela pereira, 991",alto vera cruz,AC
Arthur Gabriel Leão,805.***.***-2,23.0,2002-05-15,campo luísa da paz,funcionários,SP
Dra. Emilly Macedo,304.***.***-0,43.0,1982-07-10,sítio garcia,piraja,SE
Ana Laura Da Rocha,675.***.***-0,45.0,1980-12-09,"avenida marcos vinicius borges, 21",madri,GO
Alice Vasconcelos,581.***.***-8,49.0,1976-01-16,"rua luiz fernando dias, 46",mangueiras,SE
Dr. Davi Lucca Camargo,495.***.***-9,50.0,1975-04-07,"favela de teixeira, 91",concórdia,SE
Anthony Gabriel Costa,246.***.***-2,43.0,1982-10-03,"jardim rebeca vasconcelos, 49",santa rita de cássia,PA
Sr. João Pedro Da Luz,309.***.***-5,55.0,1970-09-08,"vale de aparecida, 22",nova granada,MS
Melina Fernandes,135.***.***-5,26.0,1999-10-04,"lagoa nascimento, 9",cidade nova,MA
Pedro Miguel Andrade,960.***.***-3,25.0,2000-02-25,"viaduto machado, 189",são geraldo,SC
Maria Fernanda Gonçalves,670.***.***-0,36.0,1989-03-23,"avenida de vasconcelos, 144",outro,PI
Pedro Lucas Câmara,473.***.***-0,57.0,1968-05-14,"parque de da conceição, 58",havaí,CE
Ana Cecília Gonçalves,927.***.***-5,31.0,1994-06-06,via alves,vila são francisco,DF
Isabel Siqueira,528.***.***-7,22.0,2003-05-14,"chácara de das neves, 96",minaslandia,RO
Caleb Cavalcanti,107.***.***-0,29.0,1996-10-16,"via sophia novais, 46",vila paquetá,CE
Ravi Vieira,160.***.***-3,35.0,1990-12-14,"loteamento joão felipe montenegro, 9",minas caixa,MS
Maria Sophia Cassiano,761.***.***-0,58.0,1966-07-27,"jardim vicente da conceição, 42",vila da ária,PI
Luana Nogueira,658.***.***-3,59.0,1966-05-13,"praia pacheco, 88",barão homem de melo 2ª seção,AM
Natália Rocha,841.***.***-7,40.0,1985-03-18,"quadra santos, 96",nova suíça,PE
Srta. Eloah Cavalcanti,531.***.***-5,49.0,1976-09-06,"praia gomes, 171",oeste,RR
Juliana Leão,215.***.***-7,44.0,1981-10-07,"trecho de pinto, 46",penha,SP
Dr. Henrique Farias,021.***.***-2,42.0,1983-12-19,pátio juan sousa,vila santo antônio,MT
Maitê Costela,681.***.***-0,28.0,1997-04-16,pátio de moraes,lagoinha leblon,PE
Cauê Fonseca,387.***.***-4,34.0,1991-08-21,"trevo helena lopes, 11",carlos prates,SE
Ágatha Vieira,054.***.***-0,43.0,1982-02-21,"setor hadassa casa grande, 99",parque são pedro,RN
Maya Sampaio,167.***.***-0,40.0,1985-05-24,"parque yasmin correia, 39",milionario,AM
Amanda Da Cunha,301.***.***-7,37.0,1988-12-03,"aeroporto ísis da rocha, 28",santo andré,MS
Pedro Henrique Machado,674.***.***-0,39.0,1986-06-02,"aeroporto henry câmara, 7",santana do cafezal,TO
Théo Da Paz,319.***.***-7,19.0,2006-05-26,"viaduto de fogaça, 42",vila nova paraíso,MS
Sr. Cauã Borges,319.***.***-3,54.0,1971-02-15,"viela brito, 34",conjunto serra verde,SC
Daniela Barros,853.***.***-0,59.0,1966-05-19,"rodovia arthur gabriel abreu, 58",comiteco,RS
Aylla Oliveira,708.***.***-6,20.0,2005-08-05,"recanto das neves, 55",barro preto,AL
João Felipe Albuquerque,784.***.***-7,38.0,1987-04-17,"viela valentina oliveira, 77",minas caixa,AL
Daniel Moraes,650.***.***-2,24.0,2001-10-20,"vila nunes, 5",delta,RJ
Srta. Bella Martins,213.***.***-0,23.0,2002-08-23,"recanto diego martins, 40",vila de sá,MA
Davi Miguel Da Paz,370.***.***-0,25.0,2000-03-07,"vereda oliveira, 95",vila da ária,PI
Otávio Lima,618.***.***-3,41.0,1983-08-26,colônia de vasconcelos,cruzeiro,RN
Noah Borges,726.***.***-6,37.0,1988-05-08,"morro de pinto, 78",novo aarão reis,RS
Beatriz Cavalcanti,512.***.***-9,18.0,2007-02-14,"aeroporto abreu, 28",jonas veiga,PA
Dra. Hadassa Machado,526.***.***-6,57.0,1968-03-22,"esplanada maya melo, 97",vila da ária,SP
Paulo Brito,314.***.***-8,23.0,2002-08-13,"jardim araújo, 60",comiteco,RN
Marcelo Martins,678.***.***-3,20.0,2005-07-10,"condomínio aparecida, 44",vila bandeirantes,AM
Srta. Júlia Aragão,192.***.***-7,51.0,1974-06-26,"praça teixeira, 19",tirol,TO
Luna Viana,672.***.***-6,47.0,1978-02-08,"fazenda giovanna moura, 233",são marcos,RR
Pedro Nunes,153.***.***-8,20.0,2005-07-19,"residencial alexandre pires, 103",prado,MT
Valentim Melo,813.***.***-6,47.0,1978-06-02,"pátio de garcia, 9",prado,DF
Eduarda Mendonça,497.***.***-3,37.0,1988-08-17,"estação dias, 7",vila independencia 1ª seção,MS
Sr. Davi Lucca Lopes,872.***.***-4,28.0,1997-07-08,"esplanada brito, 56",flavio marques lisboa,PI
Danilo Montenegro,975.***.***-4,25.0,2000-04-24,"estação de sales, 231",manacas,CE
Apollo Azevedo,537.***.***-0,39.0,1986-07-25,"parque joão lucas fonseca, 512",custodinha,SE
Srta. Ester Peixoto,853.***.***-9,48.0,1977-07-19,"travessa martins, 37",tres marias,RN
Luana Lima,017.***.***-8,52.0,1973-10-22,"esplanada alves, 6",alto caiçaras,CE
Carlos Eduardo Andrade,526.***.***-5,47.0,1978-10-10,"rodovia emanuella nogueira, 3",joão alfredo,RS
Maria Julia Cassiano,729.***.***-2,42.0,1983-10-12,"rua joaquim alves, 8",união,CE
Ravy Moura,598.***.***-3,59.0,1966-02-01,rodovia vitória carvalho,lindéia,AL
Hadassa Porto,938.***.***-3,19.0,2006-11-15,"chácara pereira, 48",vitoria da conquista,AC
Matheus Mendonça,126.***.***-9,39.0,1986-06-15,"largo lima, 69",vila sesc,RN
Sr. Luiz Felipe Rezende,035.***.***-2,28.0,1996-11-27,"vereda de da rosa, 41",conjunto bonsucesso,MG
Sr. José Miguel Novaes,286.***.***-7,58.0,1966-12-31,"residencial juliana guerra, 90",aarão reis,BA
Maria Vitória Pimenta,403.***.***-2,32.0,1993-12-11,"pátio nicolas aragão, 65",vila aeroporto jaraguá,DF
Nina Sá,573.***.***-0,29.0,1996-07-09,"praça davi luiz alves, 30",vila nova gameleira 2ª seção,TO
Igor Sá,526.***.***-4,37.0,1988-03-23,"favela nathan aragão, 922",heliopolis,PB
Juliana Gomes,180.***.***-4,26.0,1999-02-15,esplanada sampaio,vila da amizade,MT
Sra. Cecília Sá,745.***.***-5,32.0,1993-01-11,"vila camargo, 561",barão homem de melo 1ª seção,SE
Sra. Bárbara Freitas,971.***.***-3,59.0,1965-09-28,"ladeira de rezende, 989",califórnia,RR
Kamilly Mendes,014.***.***-4,43.0,1982-03-18,ladeira maria caldeira,vila calafate,RO
Luigi Almeida,389.***.***-1,28.0,1996-11-26,"pátio de porto, 167",vila união,RO
Yago Gomes,597.***.***-2,31.0,1994-09-02,"estrada marques, 25",álvaro camargos,ES
Augusto Da Cruz,930.***.***-6,25.0,2000-01-07,"via brenda da rosa, 94",barreiro,SC
Benício Jesus,674.***.***-0,43.0,1982-12-05,"trecho de cavalcante, 40",vista alegre,AP
Rafaela Araújo,591.***.***-0,19.0,2005-11-28,"rua de ramos, 622",pompéia,RO
Carolina Aparecida,497.***.***-8,32.0,1993-11-10,"fazenda ana laura garcia, 56",vila paris,PI
Amanda Viana,895.***.***-1,26.0,1999-10-17,"viaduto santos, 837",paraíso,MA
Brayan Azevedo,063.***.***-3,27.0,1998-04-30,"condomínio santos, 69",novo glória,AP
José Pedro Aparecida,498.***.***-6,55.0,1970-11-15,via marcelo montenegro,pilar,GO
Rafaela Campos,961.***.***-8,59.0,1966-02-03,"praça pinto, 419",alpes,TO
Dom Marques,124.***.***-0,27.0,1998-12-06,"pátio de moraes, 20",são luiz,RS
Sra. Natália Farias,372.***.***-8,57.0,1968-04-25,"vila maria fernanda alves, 37",cidade jardim,GO
Lucas Gabriel Ramos,897.***.***-2,47.0,1978-12-17,"largo pereira, 651",santa isabel,SE
Dra. Amanda Da Rocha,645.***.***-7,50.0,1975-09-20,"condomínio cassiano, 949",parque são josé,SC
Matheus Leão,308.***.***-8,22.0,2003-03-25,"estrada albuquerque, 28",dom silverio,RO
Luiz Miguel Gonçalves,732.***.***-8,32.0,1993-11-15,"viaduto de mendonça, 99",marieta 3ª seção,DF
Dra. Eloá Cirino,027.***.***-5,43.0,1982-10-03,"esplanada duarte, 7",beira linha,RO
Srta. Antonella Siqueira,704.***.***-5,33.0,1992-11-10,"núcleo de borges, 87",barão homem de melo 1ª seção,GO
Maria Helena Ribeiro,830.***.***-6,38.0,1987-02-25,"morro de freitas, 22",vila são joão batista,MT
Joana Ribeiro,815.***.***-0,20.0,2005-11-22,pátio mirella santos,mirtes,PI
Sr. Bryan Da Conceição,512.***.***-0,50.0,1975-02-25,"fazenda andré casa grande, 299",vila são francisco,MG
Kevin Pacheco,625.***.***-0,46.0,1979-03-19,"lagoa alexandre monteiro, 3",vila suzana segunda seção,MA
Amanda Silva,932.***.***-3,51.0,1973-07-27,feira de ribeiro,camargos,SC
Giovanna Viana,371.***.***-4,56.0,1969-04-25,"via joão pedro ribeiro, 489",cidade jardim taquaril,AP
Nicole Monteiro,419.***.***-5,42.0,1982-10-29,"via borges, 16",vale do jatoba,MG
Dr. Rhavi Monteiro,812.***.***-9,21.0,2004-04-21,quadra lima,alta tensão 2ª seção,PE
Rodrigo Lopes,029.***.***-2,21.0,2004-12-07,"estrada breno fernandes, 98",vila aeroporto jaraguá,RS
Bryan Santos,728.***.***-0,38.0,1987-09-24,viela dias,santo andré,SP
Raquel Martins,193.***.***-6,26.0,1999-04-03,"vale de da cruz, 5",itaipu,AL
João Felipe Aragão,941.***.***-5,35.0,1990-11-08,"favela siqueira, 68",vila santo antônio barroquinha,MS
Yasmin Rocha,738.***.***-9,38.0,1987-12-14,"colônia de ramos, 68",vila nova,RN
Antônio Cavalcanti,021.***.***-9,29.0,1995-10-31,"colônia de pinto, 6",vila vista alegre,RR
Felipe Andrade,215.***.***-2,58.0,1967-04-27,"jardim lopes, 28",joão paulo ii,MS
Olivia Freitas,956.***.***-2,25.0,2000-07-08,"alameda jesus, 1",vila mangueiras,ES
Dom Sousa,892.***.***-9,43.0,1982-01-22,"vereda de cardoso, 9",beija flor,AC
Marina Campos,385.***.***-4,24.0,2001-07-17,"trevo camargo, 4",vila pinho,DF
Natália Da Cunha,670.***.***-2,18.0,2007-02-08,"esplanada cavalcante, 47",marieta 1ª seção,ES
Dr. Joaquim Da Luz,219.***.***-7,35.0,1989-07-26,"condomínio joaquim leão, 68",canaa,AL
Maria Julia Camargo,107.***.***-7,52.0,1973-12-15,feira maria helena costela,lagoinha,MT
Dr. Bernardo Da Costa,795.***.***-6,22.0,2003-06-05,"jardim de barbosa, 29",vila vista alegre,PE
Paulo Cassiano,943.***.***-4,35.0,1989-10-29,"vereda manuela carvalho, 90",marajó,DF
Aylla Lopes,621.***.***-3,53.0,1972-06-01,lagoa da conceição,vila vista alegre,RJ
Davi Teixeira,710.***.***-2,40.0,1985-10-07,"conjunto de viana, 5",xangri-lá,PB
Noah Silveira,536.***.***-3,22.0,2003-03-20,trecho fernando borges,maravilha,MA
Sr. Vitor Rezende,826.***.***-6,28.0,1997-09-07,"lago gomes, 352",céu azul,AC
Danilo Carvalho,359.***.***-2,45.0,1980-06-27,"lago giovanna andrade, 9",álvaro camargos,AC
Melina Vargas,012.***.***-0,34.0,1991-03-06,"loteamento cirino, 91",conjunto bonsucesso,AC
Leonardo Da Rosa,243.***.***-6,60.0,1965-03-04,"colônia ana julia garcia, 6",são joão,RS
Maria Isis Rocha,154.***.***-8,19.0,2006-01-19,"distrito luigi viana, 3",estrela do oriente,RS
Luna Castro,539.***.***-5,33.0,1991-08-26,área maria isis almeida,palmares,SE
Agatha Mendonça,350.***.***-2,45.0,1980-07-16,"feira de vieira, 1",serra verde,RS
Sr. Asafe Jesus,289.***.***-7,29.0,1996-11-15,"largo enzo gabriel da mata, 25",bonfim,RJ
Juan Da Rosa,619.***.***-7,18.0,2007-07-14,"loteamento juliana melo, 1",santa terezinha,RJ
Ana Júlia Marques,726.***.***-4,59.0,1966-08-13,"sítio luiz fernando oliveira, 8",santa helena,MT
Maria Liz Pacheco,218.***.***-4,40.0,1985-10-17,"distrito pereira, 806",liberdade,RO
Agatha Novaes,407.***.***-0,42.0,1983-01-01,"aeroporto emanuelly novaes, 2",embaúbas,AL
Emilly Sá,952.***.***-9,38.0,1987-11-03,"viaduto montenegro, 8",pilar,MT
Yago Monteiro,901.***.***-4,55.0,1970-06-25,"residencial cavalcanti, 54",acaiaca,GO
Yago Rios,614.***.***-4,35.0,1990-11-03,"praia de das neves, 58",eymard,MS
Maria Fernanda Araújo,947.***.***-2,40.0,1984-09-29,"lago calebe pereira, 378",pindura saia,AC
Maria Vitória Ramos,682.***.***-2,27.0,1998-06-02,"vila de vargas, 3",caiçaras,MS
Sarah Rios,479.***.***-0,30.0,1994-09-30,"núcleo cardoso, 787",conjunto califórnia i,PR
Erick Da Paz,276.***.***-3,28.0,1997-09-17,"parque de albuquerque, 23",santa margarida,RJ
Alexandre Pacheco,718.***.***-7,22.0,2003-07-07,"fazenda cunha, 14",ipiranga,PA
Isaac Pastor,496.***.***-4,26.0,1999-05-11,"chácara daniela macedo, 58",planalto,AL
Isabella Albuquerque,385.***.***-6,50.0,1975-06-02,"feira maria sophia freitas, 64",caetano furquim,MT
Ana Júlia Costa,193.***.***-4,43.0,1982-01-07,"feira cavalcanti, 171",vila rica,AM
Rafaela Oliveira,359.***.***-3,57.0,1968-06-06,"praça enzo gabriel cavalcanti, 351",primeiro de maio,PB
Maria Vitória Lima,476.***.***-7,25.0,2000-11-25,"passarela de vieira, 5",são damião,RJ
Srta. Olivia Garcia,584.***.***-0,43.0,1982-06-11,"núcleo aparecida, 291",vila sesc,RJ
Emanuel Aparecida,378.***.***-7,40.0,1985-11-17,"feira gustavo araújo, 92",itatiaia,MA
Eloah Souza,436.***.***-0,60.0,1965-10-09,recanto vieira,santa inês,ES
Alexia Das Neves,679.***.***-7,50.0,1975-02-03,"rua costela, 10",vila paraíso,AM
Theodoro Silva,974.***.***-3,26.0,1999-12-21,"vereda vargas, 89",tupi b,SC
Maria Costa,617.***.***-2,20.0,2005-07-25,"esplanada de siqueira, 83",planalto,AP
Sr. Benjamim Correia,386.***.***-6,53.0,1972-06-27,"vereda de mendonça, 8",serra,PE
Ágatha Camargo,695.***.***-9,42.0,1983-04-21,"rodovia de azevedo, 87",atila de paiva,PB
Srta. Liz Gomes,630.***.***-7,46.0,1979-09-12,"sítio silveira, 51",buraco quente,SC
Gael Henrique Santos,504.***.***-6,20.0,2005-07-20,"trecho rios, 314",embaúbas,RR
Isabelly Da Paz,461.***.***-3,54.0,1971-09-05,"trevo pedro pinto, 79",palmeiras,MT
Nina Gomes,718.***.***-2,26.0,1999-03-23,"jardim de porto, 50",jardim atlântico,MA
Juan Jesus,502.***.***-1,48.0,1977-09-05,"morro peixoto, 176",lagoinha leblon,ES
Alexia Jesus,214.***.***-3,57.0,1968-10-01,esplanada de abreu,nossa senhora aparecida,RR
Valentim Pereira,170.***.***-0,33.0,1992-12-12,"residencial de farias, 34",mantiqueira,CE
Amanda Sampaio,190.***.***-1,25.0,1999-08-29,"via costa, 38",vila independencia 1ª seção,MT
Caroline Alves,143.***.***-0,45.0,1980-06-01,sítio brito,são bento,MG
Vicente Novais,150.***.***-4,48.0,1977-05-29,viela albuquerque,nossa senhora do rosário,SP
Vinicius Viana,697.***.***-6,29.0,1996-04-11,"viela cauã macedo, 888",tiradentes,MA
Daniela Costa,482.***.***-2,40.0,1984-11-28,"jardim ana carolina moraes, 49",conjunto bonsucesso,BA
Dra. Alexia Ramos,241.***.***-8,60.0,1965-06-22,"trevo de farias, 5",jardinópolis,AC
Bárbara Marques,693.***.***-7,19.0,2006-07-25,"ladeira sá, 121",bonfim,SC
Rodrigo Borges,659.***.***-0,60.0,1965-12-19,"vereda de fernandes, 13",vila santa rosa,AM
Marcela Aragão,971.***.***-4,32.0,1993-05-09,"fazenda de lopes, 4",taquaril,DF
Nathan Cunha,921.***.***-1,20.0,2005-12-11,"setor ana liz sampaio, 3",maria virgínia,AC
Vitor Hugo Pires,853.***.***-0,42.0,1983-09-02,"sítio de machado, 28",braúnas,AC
Rebeca Pereira,816.***.***-1,20.0,2005-11-12,"alameda catarina alves, 4",buraco quente,SP
Cauê Albuquerque,109.***.***-0,20.0,2005-09-15,"rua de rodrigues, 966",olaria,ES
Lunna Carvalho,490.***.***-6,39.0,1986-07-10,"sítio lavínia silveira, 89",são pedro,AC
Henry Gabriel Ramos,163.***.***-8,59.0,1966-07-23,"vila de barros, 56",mariano de abreu,SP
Maria Laura Leão,129.***.***-6,25.0,2000-11-23,rua kaique lopes,vila santo antônio barroquinha,TO
Bento Souza,619.***.***-0,30.0,1995-05-15,"vereda manuela fonseca, 12",esperança,RJ
Kevin Rios,619.***.***-3,40.0,1985-05-05,"trecho pietra fogaça, 5",dom silverio,PE
Rhavi Lopes,601.***.***-5,53.0,1972-10-24,"rua dias, 7",boa união 2ª seção,PR
Marcelo Lima,724.***.***-6,31.0,1994-09-07,"ladeira borges, 935",pousada santo antonio,PR
Davi Silveira,285.***.***-4,50.0,1975-06-21,"núcleo de duarte, 33",são jorge 1ª seção,RR
Maya Leão,528.***.***-6,49.0,1976-06-05,"condomínio nascimento, 347",jardim felicidade,BA
Raul Macedo,541.***.***-0,20.0,2005-04-25,"condomínio maria alice moraes, 555",vila suzana segunda seção,PB
Stella Oliveira,678.***.***-6,47.0,1978-07-13,"lagoa moreira, 666",ademar maldonado,PI
Dra. Aurora Borges,254.***.***-1,35.0,1990-07-20,"parque de leão, 47",vila nova cachoeirinha 1ª seção,SE
Ravy Moura,947.***.***-6,50.0,1975-01-22,"área de câmara, 225",granja de freitas,MA
Davi Lucas Teixeira,341.***.***-2,50.0,1975-12-04,fazenda da costa,são bernardo,TO
Kaique Monteiro,752.***.***-0,41.0,1984-09-18,"feira alves, 422",aarão reis,RR
Sofia Castro,329.***.***-5,45.0,1980-03-25,"vale mariana barros, 37",vila piratininga venda nova,RR
Ana Beatriz Rios,956.***.***-1,48.0,1977-04-02,"conjunto bella mendes, 55",santa maria,PI
Arthur Gabriel Da Cunha,849.***.***-0,38.0,1987-02-09,"rua yasmin oliveira, 77",bela vitoria,MA
Milena Da Paz,695.***.***-1,33.0,1992-09-01,"vereda maya fogaça, 5",caetano furquim,AM
Josué Teixeira,840.***.***-8,52.0,1972-07-30,viaduto de montenegro,vila vista alegre,PI
Emanuella Brito,973.***.***-9,59.0,1965-11-30,"via maria helena moura, 18",marajó,SE
Laís Cavalcanti,418.***.***-7,51.0,1974-04-10,lago alves,vila união,AL
Davi Luiz Castro,279.***.***-5,27.0,1998-09-21,"alameda porto, 2",custodinha,RR
Isis Caldeira,596.***.***-0,33.0,1992-09-14,"condomínio alves, 68",das industrias i,SP
Eduardo Viana,170.***.***-2,51.0,1974-02-06,"colônia de moreira, 73",solar do barreiro,RS
Sra. Clarice Almeida,716.***.***-1,54.0,1971-05-26,núcleo luan da costa,são jorge 3ª seção,RR
Kevin Lima,091.***.***-8,39.0,1986-03-04,"vereda de santos, 92",jardim guanabara,MG
Theo Camargo,709.***.***-0,60.0,1965-12-25,"avenida de siqueira, 568",vila maloca,AC
Lara Barros,297.***.***-8,39.0,1986-12-09,"vereda de castro, 315",nossa senhora aparecida,MS
Dra. Heloísa Rezende,317.***.***-6,40.0,1985-10-20,"núcleo monteiro, 66",alto caiçaras,CE
Sarah Câmara,093.***.***-5,19.0,2006-07-07,"favela leão, 86",itapoa,AP
Mariana Silva,985.***.***-8,31.0,1994-07-25,morro de pacheco,conjunto bonsucesso,MT
Maria Liz Barbosa,304.***.***-0,34.0,1991-01-12,"fazenda leonardo ribeiro, 463",graça,RR
Carolina Sales,243.***.***-7,30.0,1995-12-02,viela de cavalcante,luxemburgo,PI
Antony Souza,324.***.***-3,34.0,1991-04-19,"rodovia de costela, 16",conjunto taquaril,MS
Ana Cecília Albuquerque,847.***.***-4,21.0,2004-10-05,"aeroporto de souza, 9",gutierrez,BA
Alice Aparecida,154.***.***-1,37.0,1988-06-14,lagoa de barros,silveira,SP
Sra. Stephany Nascimento,941.***.***-2,53.0,1972-07-07,"aeroporto de porto, 286",vila de sá,PA
Juliana Martins,602.***.***-4,58.0,1967-01-08,"ladeira de da luz, 55",maria goretti,GO
Ana Sophia Pastor,189.***.***-1,59.0,1966-08-10,sítio de vargas,mariquinhas,AC
Emanuel Rocha,458.***.***-6,45.0,1980-06-05,"loteamento ana lívia martins, 8",santa terezinha,PE
Henry Moreira,952.***.***-4,59.0,1966-10-03,recanto cardoso,cdi jatoba,ES
João Miguel Marques,061.***.***-7,30.0,1995-02-04,"viela de silveira, 715",outro,MA
Marcelo Gomes,502.***.***-2,27.0,1997-09-30,passarela dom monteiro,etelvina carneiro,SE
Allana Oliveira,610.***.***-3,41.0,1984-05-26,"favela otávio borges, 8",joão paulo ii,RO
Olivia Carvalho,917.***.***-9,32.0,1993-03-12,"recanto das neves, 75",flavio de oliveira,SC
Arthur Miguel Da Mota,542.***.***-1,55.0,1970-08-08,"favela eduardo souza, 66",são josé,AP
Sra. Maria Laura Câmara,940.***.***-1,43.0,1982-12-04,"condomínio antônio lima, 40",vila piratininga venda nova,AM
Ana Júlia Machado,623.***.***-9,41.0,1984-05-26,"praia josué macedo, 475",horto,MA
Enzo Vasconcelos,931.***.***-0,40.0,1984-10-30,"morro de da rocha, 90",buritis,GO
Carolina Fogaça,320.***.***-0,34.0,1991-12-10,"vila aragão, 61",vila dos anjos,AC
Sr. Paulo Sá,147.***.***-5,41.0,1984-05-01,"colônia nunes, 14",beira linha,RJ
Bruna Macedo,750.***.***-0,57.0,1968-11-15,parque ian novaes,araguaia,ES
Clara Da Paz,571.***.***-2,29.0,1996-02-08,"trevo arthur miguel silveira, 13",são bernardo,PE
Bryan Pinto,093.***.***-0,31.0,1994-08-20,"fazenda martins, 1",marieta 1ª seção,SC
Mariana Mendes,361.***.***-7,44.0,1981-02-21,"conjunto barbosa, 8",vila esplanada,PA
Dr. Dom Pereira,312.***.***-6,40.0,1985-02-18,"estrada araújo, 38",ernesto nascimento,PB
Eloah Fogaça,912.***.***-9,61.0,1964-12-23,"viela alves, 682",vila calafate,AL
Sra. Ana Júlia Abreu,906.***.***-4,43.0,1982-09-16,"área de cavalcante, 57",vila são rafael,RN
Emanuella Costela,784.***.***-0,57.0,1968-11-14,"trevo rhavi teixeira, 27",vila ecológica,PA
Maria Julia Casa Grande,018.***.***-4,47.0,1978-04-27,"conjunto da luz, 29",nova cachoeirinha,DF
Sabrina Peixoto,534.***.***-6,35.0,1990-04-06,"favela mathias moraes, 55",dom silverio,CE
Aurora Sá,706.***.***-2,57.0,1968-01-12,"feira ryan campos, 59",monte são josé,PR
Vitor Da Costa,038.***.***-2,30.0,1995-12-19,"campo murilo da mota, 47",mala e cuia,RR
Sr. Liam Costa,492.***.***-5,53.0,1971-07-27,fazenda arthur campos,são francisco das chagas,AC
Luigi Jesus,931.***.***-1,52.0,1972-11-28,"esplanada de fernandes, 77",vila santo antônio barroquinha,GO
Eloah Cirino,638.***.***-9,45.0,1980-09-10,"trecho marcos vinicius vargas, 27",guarani,ES
Brenda Fogaça,346.***.***-8,39.0,1985-12-26,"distrito davi luiz leão, 58",vila primeiro de maio,PR
Dom Ramos,452.***.***-2,26.0,1999-05-11,área igor ramos,nova vista,MA
Bárbara Rezende,741.***.***-0,18.0,2007-01-07,"condomínio ana lívia vargas, 45",vila paquetá,MS
Hadassa Andrade,451.***.***-7,50.0,1975-03-06,vereda bella rezende,minaslandia,AP
Luara Campos,852.***.***-8,46.0,1979-08-06,"pátio anna liz silva, 748",vila são geraldo,MG
Arthur Gabriel Farias,018.***.***-0,39.0,1986-12-07,"residencial mirella câmara, 85",vila tirol,RN
Dr. Liam Melo,461.***.***-5,30.0,1995-02-18,"setor maria julia gonçalves, 67",pompéia,RO
Ravi Lucca Duarte,890.***.***-6,54.0,1971-03-01,"via leão, 89",são pedro,AM
Olívia Barros,802.***.***-4,60.0,1965-10-25,"campo macedo, 379",ademar maldonado,TO
Emanuella Novais,643.***.***-4,45.0,1980-07-23,"feira de da rocha, 78",monsenhor messias,SP
Sra. Alícia Fogaça,140.***.***-8,48.0,1977-12-16,condomínio de costa,pedreira padro lopes,SP
Rhavi Teixeira,510.***.***-8,51.0,1974-09-16,vereda maria luiza rodrigues,conjunto novo dom bosco,RN
Antony Ribeiro,376.***.***-5,35.0,1990-06-06,fazenda de pastor,caiçara - adelaide,MA
Nathan Oliveira,782.***.***-4,26.0,1999-04-13,"praia de cavalcante, 64",indaiá,DF
Aylla Borges,782.***.***-6,27.0,1998-05-31,"colônia maria flor pereira, 15",vila nova paraíso,CE
Rebeca Fogaça,097.***.***-8,21.0,2004-06-10,"via heloísa da mata, 313",madri,SP
Calebe Fogaça,204.***.***-8,34.0,1991-02-02,"estrada de cardoso, 25",oeste,PA
Luísa Nunes,682.***.***-4,27.0,1998-03-12,"rodovia de fernandes, 99",camponesa 2ª seção,RJ
Heloísa Silveira,312.***.***-8,58.0,1967-07-18,"estação de farias, 35",satelite,AP
Davi Da Cruz,672.***.***-4,25.0,2000-04-17,"vereda josué pinto, 2",ermelinda,RS
Kamilly Aparecida,608.***.***-3,50.0,1975-11-07,"sítio rocha, 61",bandeirantes,MG
Sra. Raquel Moraes,452.***.***-2,39.0,1986-11-06,"ladeira de cassiano, 405",vila havaí,ES
Marcela Casa Grande,680.***.***-1,23.0,2002-08-24,"aeroporto lívia da mota, 967",conjunto novo dom bosco,RO
Sra. Luiza Camargo,275.***.***-0,24.0,2001-01-10,"travessa sofia da paz, 6",flavio de oliveira,TO
Allana Cardoso,203.***.***-0,43.0,1982-03-20,"campo de da cruz, 10",vila copasa,MA
Benício Ramos,834.***.***-3,56.0,1969-02-15,"área vinícius cunha, 17",tiradentes,RR
Léo Macedo,749.***.***-1,48.0,1977-03-30,"lago maria helena machado, 9",boa viagem,AC
Valentim Farias,612.***.***-9,56.0,1969-09-12,loteamento yago pastor,tupi a,RR
Maria Clara Souza,891.***.***-4,58.0,1967-12-17,"jardim vitor vargas, 2",barão homem de melo 1ª seção,CE
Antônio Da Paz,346.***.***-2,23.0,2002-12-10,"vale de cavalcante, 58",maria tereza,CE
Maria Flor Sá,207.***.***-9,18.0,2007-04-13,"alameda vargas, 33",conjunto lagoa,RO
Olivia Sales,849.***.***-2,40.0,1985-05-18,"recanto azevedo, 945",solimoes,MG
Kevin Caldeira,847.***.***-8,46.0,1979-09-19,"residencial rodrigues, 851",planalto,RR
Sabrina Machado,657.***.***-8,24.0,2001-03-26,"praça farias, 42",cachoeirinha,PI
Davi Miguel Pereira,672.***.***-4,20.0,2005-07-17,"passarela novais, 45",vila minaslandia,AL
Zoe Mendonça,695.***.***-0,60.0,1965-10-19,"morro de duarte, 38",luxemburgo,RN
Eloá Albuquerque,963.***.***-4,40.0,1985-03-31,"trevo de cassiano, 19",jardim felicidade,MS
João Gabriel Alves,013.***.***-3,48.0,1977-04-27,"parque de cassiano, 28",conjunto jardim filadélfia,AP
Sra. Evelyn Dias,082.***.***-2,20.0,2005-05-16,recanto farias,apolonia,RS
Srta. Maria Flor Ribeiro,902.***.***-9,55.0,1970-08-22,"praia de souza, 67",bom jesus,RJ
Diogo Azevedo,486.***.***-0,22.0,2003-03-14,"condomínio de ramos, 65",vila jardim alvorada,SE
Rafaela Cardoso,395.***.***-0,50.0,1975-11-23,vereda agatha cavalcanti,vila nova dos milionarios,PI
Srta. Natália Pires,609.***.***-8,49.0,1976-09-19,"rodovia maria pires, 83",casa branca,MA
Sra. Maria Fernanda Carvalho,094.***.***-1,25.0,2000-06-30,"distrito davi lucca da rocha, 14",jardim américa,PI
Hadassa Camargo,849.***.***-2,54.0,1971-07-23,"condomínio abreu, 50",leticia,MA
Lucca Nunes,172.***.***-8,32.0,1992-11-28,colônia noah cavalcanti,santa monica,AC
Vinicius Ramos,841.***.***-0,22.0,2003-05-13,"colônia léo casa grande, 62",distrito industrial do jatoba,MG
Manuella Sampaio,591.***.***-9,21.0,2004-08-17,passarela de leão,vila oeste,RR
Heloísa Aparecida,317.***.***-7,30.0,1994-08-29,"estrada ana carolina teixeira, 1",novo tupi,PE
Isaac Ferreira,875.***.***-0,25.0,2000-09-10,"residencial de pastor, 42",vila são francisco,SC
Srta. Lunna Azevedo,147.***.***-1,49.0,1976-01-15,lagoa de cardoso,são gonçalo,MG
Ana Cecília Costa,804.***.***-3,33.0,1992-02-08,"loteamento luiz gustavo da mota, 84",grotinha,RJ
Renan Souza,612.***.***-1,51.0,1974-12-20,"campo de siqueira, 62",álvaro camargos,RJ
Breno Costela,423.***.***-8,56.0,1969-08-23,"quadra da rosa, 790",santo agostinho,PA
Asafe Aragão,715.***.***-4,40.0,1985-04-06,"distrito da costa, 58",novo tupi,AC
Ágatha Vargas,453.***.***-8,19.0,2006-01-19,"rodovia oliveira, 65",baleia,SE
Noah Costela,536.***.***-6,60.0,1965-04-22,"condomínio lorenzo andrade, 59",novo ouro preto,RR
Elisa Barbosa,417.***.***-9,39.0,1986-07-25,passarela casa grande,marieta 2ª seção,PI
Isis Garcia,354.***.***-0,51.0,1973-07-27,"colônia aragão, 91",andiroba,RJ
Manuela Vasconcelos,237.***.***-0,31.0,1994-09-05,"via joaquim mendes, 591",santa rita de cássia,PI
Fernanda Fonseca,592.***.***-0,36.0,1989-10-23,"passarela caldeira, 911",paquetá,AL
Rael Pires,826.***.***-0,19.0,2006-10-02,"residencial carvalho, 70",vila betânia,TO
Carolina Aparecida,017.***.***-2,45.0,1980-02-24,"vale de borges, 979",piraja,RJ
Otávio Da Mota,208.***.***-0,58.0,1966-12-27,"avenida ana clara pires, 78",silveira,PB
Sr. Vitor Leão,381.***.***-5,37.0,1988-01-27,fazenda rodrigues,são joão batista,SP
Renan Vasconcelos,038.***.***-7,58.0,1967-03-14,"estação brito, 9",joão alfredo,TO
Srta. Helena Rios,703.***.***-3,37.0,1988-07-13,"feira de sá, 39",solimoes,DF
Rodrigo Mendonça,943.***.***-3,43.0,1982-08-19,"recanto mariah carvalho, 75",mirtes,RO
Joaquim Brito,189.***.***-2,21.0,2004-02-02,"alameda clara macedo, 79",vila maloca,PA
Melissa Correia,890.***.***-2,38.0,1987-06-01,"lagoa de aragão, 36",vila santo antônio,MT
Maria Liz Viana,392.***.***-7,24.0,2001-04-05,"vale farias, 34",marieta 2ª seção,RN
Liam Sampaio,814.***.***-5,18.0,2007-05-17,"sítio rocha, 82",vale do jatoba,RJ
Vinícius Pinto,865.***.***-3,44.0,1981-09-11,"estação de cardoso, 64",são tomaz,PE
Isadora Oliveira,736.***.***-8,29.0,1996-10-05,"colônia de macedo, 5",nova esperança,MS
Dra. Alícia Da Cruz,027.***.***-8,44.0,1981-06-17,viela de araújo,vila barragem santa lúcia,SP
Lorenzo Porto,259.***.***-9,42.0,1983-02-18,"esplanada maria liz borges, 2",jardim alvorada,PE
